Symbol,Date,Open,High,Low,Close,Percent Change,Volume
CBBL,2022-02-03,1380,1400,1360,1360,0,17156
CBBL,2022-02-01,1360,1362,1350,1360,0,10579
CBBL,2022-01-31,1385,1386,1353,1360,0.07,7911
CBBL,2022-01-30,1341.3,1389,1341.3,1359,3.35,12782
CBBL,2022-01-27,1339,1339,1315,1315,-0.38,7203
CBBL,2022-01-26,1340,1340,1310,1320,-1.49,14055
CBBL,2022-01-25,1361.7,1361.7,1308,1340,0.37,18858
CBBL,2022-01-24,1406.5,1406.5,1330,1335,-3.19,22677
CBBL,2022-01-23,1405,1433,1370,1379,0.07,18222
CBBL,2022-01-20,1370,1380,1355,1378,0.59,14267
CBBL,2022-01-19,1382,1390,1355,1369.9,-0.44,13418
CBBL,2022-01-18,1400,1405,1370,1376,-1.71,17150
CBBL,2022-01-17,1424,1424,1385,1400,-0.07,25187
CBBL,2022-01-16,1378,1458,1390,1401,1.67,25726
CBBL,2022-01-13,1340,1380,1325,1378,2.84,93595
CBBL,2022-01-12,1375,1375,1325,1340,-0.74,39380
CBBL,2022-01-11,1310,1380,1301,1350,3.05,41926
CBBL,2022-01-10,1295,1315,1285,1310,1.95,26131
CBBL,2022-01-09,1274,1295,1268,1285,2.8,24085
CBBL,2022-01-06,1256,1268,1248,1250,-0.41,14433
CBBL,2022-01-05,1295,1295,1255,1255.1,-2.25,15261
CBBL,2022-01-04,1280,1299,1271.5,1284,-0.46,13741
CBBL,2022-01-03,1290,1295,1275,1289.9,1.58,15366
CBBL,2022-01-02,1270,1275,1250,1269.8,1.58,9042
CBBL,2021-12-29,1270,1270,1245,1250,-0.32,6148
CBBL,2021-12-28,1260,1270,1250,1254,-0.71,7426
CBBL,2021-12-27,1290,1292,1260,1263,-1.33,15837
CBBL,2021-12-26,1290,1300,1270,1280,0.31,23129
CBBL,2021-12-23,1289,1300,1275,1276,0.08,16036
CBBL,2021-12-22,1264.8,1290,1240,1275,2.82,34267
CBBL,2021-12-21,1581,1581,1560,1574.9,1.61,37154
CBBL,2021-12-20,1560.6,1560.6,1511,1550,1.31,22541
CBBL,2021-12-16,1544,1544,1511,1530,-0.91,9374
CBBL,2021-12-15,1539,1630,1500,1544,2.25,26892
CBBL,2021-12-14,1420,1510,1420,1510,7.47,11990
CBBL,2021-12-13,1475.1,1475.1,1390,1405,-4.81,27220
CBBL,2021-12-12,1520,1520,1475,1476,-2.57,13642
CBBL,2021-12-09,1520,1520,1495,1515,0,11536
CBBL,2021-12-08,1536,1556,1511,1515,-1.94,9245
CBBL,2021-12-07,1585,1600,1545,1545,-1.78,15386
CBBL,2021-12-06,1560,1575,1499.9,1573,0,21457
CBBL,2021-12-05,1602,1602,1565,1573,-1.72,20486
CBBL,2021-12-02,1635,1650,1600,1600.5,-1.69,14545
CBBL,2021-12-01,1649,1649,1627,1628,0.07,7590
CBBL,2021-11-30,1628,1640,1615,1626.9,-0.07,14477
CBBL,2021-11-29,1620,1672,1612,1628,-1,15874
CBBL,2021-11-28,1670,1684.9,1640.1,1644.5,-2.4,24775
CBBL,2021-11-25,1713,1716,1670,1685,-1.58,24833
CBBL,2021-11-24,1705,1721,1690,1712,-0.47,13621
CBBL,2021-11-23,1740,1749,1710,1720,-0.58,18005
CBBL,2021-11-22,1760,1760,1728,1730,-1.03,19181
CBBL,2021-11-21,1796.2,1796.2,1743,1748,-0.74,23560
CBBL,2021-11-18,1790.1,1850,1720,1761,0.34,97600
CBBL,2021-11-17,1760,1770,1749,1755,0.57,25222
CBBL,2021-11-16,1761.5,1761.5,1725,1745,1.04,27130
CBBL,2021-11-15,1754,1788,1715,1727,0.41,41074
CBBL,2021-11-14,1681,1724,1670,1720,2.14,16454
CBBL,2021-11-11,1700,1715,1680,1684,-1.98,14651
CBBL,2021-11-09,1755,1755,1711,1718,-2.39,23902
CBBL,2021-11-08,1767,1792.2,1752,1760,-1.12,10754
CBBL,2021-11-03,1786,1797,1765,1780,0.68,21222
CBBL,2021-11-02,1779,1779,1748,1768,0.17,14950
CBBL,2021-11-01,1818,1818,1750,1765,-1.07,25099
CBBL,2021-10-31,1794,1794,1770,1784,1.42,56738
CBBL,2021-10-28,1725,1775,1718,1759,1.97,28934
CBBL,2021-10-27,1745,1745,1715,1725,0.12,47575
CBBL,2021-10-26,1730,1744.9,1718,1723,0.17,39017
CBBL,2021-10-25,1710,1721,1695,1720,1.78,19755
CBBL,2021-10-24,1698,1698,1660.1,1689.9,1.5,10435
CBBL,2021-10-21,1676,1702,1647,1665,-0.24,22124
CBBL,2021-10-20,1676.8,1740,1650,1669,1.52,17831
CBBL,2021-10-19,1675.1,1675.1,1620,1644,-3.29,25618
CBBL,2021-10-18,1750,1765,1690,1700,-3.95,29620
CBBL,2021-10-17,1799,1799.9,1750,1770,0,7618
CBBL,2021-10-11,1780,1780,1731,1770,-0.51,20813
CBBL,2021-10-10,1810,1912.5,1779,1779,-0.61,50068
CBBL,2021-10-06,1754,1808,1750,1790,4.07,62586
CBBL,2021-10-05,1697,1742,1681,1720,3.3,27037
CBBL,2021-10-04,1600.2,1687,1580,1665,4.06,23214
CBBL,2021-10-03,1600,1625,1598,1600,0.3,20283
CBBL,2021-09-30,1630,1630,1595,1595.2,-0.24,20437
CBBL,2021-09-29,1600,1610,1550,1599,1.2,29234
CBBL,2021-09-28,1660,1660,1570,1580,-4.82,46540
CBBL,2021-09-27,1698,1698,1649,1660,-2.24,26816
CBBL,2021-09-26,1725,1743,1696,1698,-1.57,12896
CBBL,2021-09-23,1750,1755,1706,1725,-0.75,43648
CBBL,2021-09-22,1713,1738,1698,1738,3.45,19899
CBBL,2021-09-21,1686,1705,1630,1680,-0.36,26537
CBBL,2021-09-20,1775.8,1775.8,1683,1686,-3.16,30368
CBBL,2021-09-16,1760,1760,1725.1,1741,-1.92,37574
CBBL,2021-09-15,1800,1800,1760,1775,-0.45,14116
CBBL,2021-09-14,1800,1815,1780,1783,-0.83,12757
CBBL,2021-09-13,1826,1839,1795,1798,-0.55,23692
CBBL,2021-09-12,1800,1810,1780,1808,1.74,17487
CBBL,2021-09-09,1790,1799.9,1766.1,1777,-0.22,14851
CBBL,2021-09-08,1781,1800,1767,1781,-0.84,20849
CBBL,2021-09-07,1831,1850,1782.7,1796,-1.54,23807
CBBL,2021-09-06,1780,1824,1779,1824,2.47,28973
CBBL,2021-09-05,1775,1798,1740,1780,-0.84,43980
CBBL,2021-09-02,1800,1828,1781,1795,0.06,44342
CBBL,2021-09-01,1836,1871,1789,1794,-0.33,45398
CBBL,2021-08-31,1839,1839,1790,1800,-2.12,66256
CBBL,2021-08-29,1899,1899,1835,1839,-1.61,36050
CBBL,2021-08-26,1893.1,1893.1,1845,1869,0.7,28150
CBBL,2021-08-25,1887,1887,1850,1856,-1.64,27062
CBBL,2021-08-24,1924,1924,1886,1887,-0.26,30404
CBBL,2021-08-19,1900,1900,1881.1,1892,-0.11,48261
CBBL,2021-08-18,1900,1900,1886,1894,-0.32,44935
CBBL,2021-08-17,1935,1946,1882,1900,-0.89,60672
CBBL,2021-08-16,1948.2,1948.2,1900,1917,0.37,35871
CBBL,2021-08-15,1900,2001,1878,1910,0.37,95395
CBBL,2021-08-12,1902,1927.9,1870,1903,0.05,22342
CBBL,2021-08-11,1920,1930,1895,1902,-0.39,33661
CBBL,2021-08-10,1890,1932.9,1880,1909.5,1.03,38620
CBBL,2021-08-09,1918,1919,1883,1890,-1.1,38751
CBBL,2021-08-08,1959.3,1959.3,1905,1911,-0.52,52008
CBBL,2021-08-05,1911,1961,1907,1921,-1.49,90455
CBBL,2021-08-04,2024.8,2065.2,1925.1,1950,-1.77,206133
CBBL,2021-08-03,1938,1991,1920,1985.1,4.48,118481
CBBL,2021-08-02,1880,1900,1851,1900,2.29,65875
CBBL,2021-08-01,1848,1925,1840,1857.5,1.89,53584
CBBL,2021-07-29,1816,1844,1812,1823,0,38444
CBBL,2021-07-28,1839,1839,1805,1823,-0.65,31167
CBBL,2021-07-27,1820.9,1836,1756,1835,-1.24,110422
CBBL,2021-07-26,1837,1880,1837,1858,0.43,61496
CBBL,2021-07-25,1818,1850,1800,1850,2.89,72727
CBBL,2021-07-22,1810,1810,1790,1798,0,35339
CBBL,2021-07-20,1785,1800,1770,1798,0.73,29955
CBBL,2021-07-19,1830,1835,1784.3,1785,-0.83,66119
CBBL,2021-07-18,1772,1800,1760,1800,3.57,41683
CBBL,2021-07-15,1735,1745,1718,1738,1.34,18546
CBBL,2021-07-14,1730,1739,1700,1715,-0.81,130445
CBBL,2021-07-13,1750,1750,1725,1729,0,31144
CBBL,2021-07-12,1725,1780,1725,1729,-1.76,151672
CBBL,2021-07-11,1744,1778,1735,1760,1.73,99249
CBBL,2021-07-08,1615,1730,1615,1730,1.82,23963
CBBL,2021-07-07,1610,1715,1610,1699,1.13,268439
CBBL,2021-07-06,1710,1710,1680,1680,-1.12,30242
CBBL,2021-07-05,1725,1725,1699,1699,-0.64,19188
CBBL,2021-07-04,1811,1811,1700,1710,-0.87,24238
CBBL,2021-07-01,1750,1750,1720,1725,-0.4,19386
CBBL,2021-06-30,1827,1827,1715,1732,-0.46,17565
CBBL,2021-06-29,1770,1790,1735,1740,0.17,32562
CBBL,2021-06-28,1720,1749,1720,1737,1.22,22276
CBBL,2021-06-27,1730,1730,1700,1716,-0.23,24532
CBBL,2021-06-24,1730,1734,1695,1720,-0.58,20333
CBBL,2021-06-23,1845,1845,1720,1730,-1.59,23814
CBBL,2021-06-22,1735,1760,1694,1758,1.8,36934
CBBL,2021-06-21,1770,1770,1725,1727,-2.43,40710
CBBL,2021-06-20,1750,1805,1750,1770,-0.9,39020
CBBL,2021-06-17,1830,1840,1781,1786,-1.05,25595
CBBL,2021-06-16,1770,1876,1760,1805,2.15,94269
CBBL,2021-06-15,1780,1785,1755,1767,-0.28,33873
CBBL,2021-06-14,1864,1864,1750,1772,-0.23,39832
CBBL,2021-06-13,1800,1800,1775,1776,-0.22,46800
CBBL,2021-06-10,1876,1876,1768,1780,-0.5,44687
CBBL,2021-06-09,1873,1873,1778,1789,0,53426
CBBL,2021-06-08,1792,1792,1770,1784,0.34,47843
CBBL,2021-06-07,1884,1884,1776,1778,-0.95,42602
CBBL,2021-06-06,1800,1849,1784,1795,0.62,55823
CBBL,2021-06-03,1725,1807,1725,1784,1.88,391823
CBBL,2021-06-02,1751,1766,1720,1751,0,36259
CBBL,2021-06-01,1766,1780,1749,1751,-0.51,23833
CBBL,2021-05-31,1755,1780,1745,1760,0.51,37588
CBBL,2021-05-30,1800,1803,1750,1751,-1.35,60173
CBBL,2021-05-27,1740,1800,1740,1775,-3.06,124984
CBBL,2021-05-25,1820,1835,1808,1831,0.6,46048
CBBL,2021-05-24,1802,1836,1800,1820,1.11,26981
CBBL,2021-05-23,1800,1818,1761,1800,-0.55,43243
CBBL,2021-05-20,1835,1835,1805,1810,-0.77,56560
CBBL,2021-05-19,1870,1870,1815,1824,-0.98,35442
CBBL,2021-05-18,1842,1850,1810,1842,0.77,42689
CBBL,2021-05-17,1822,1850,1822,1828,0.33,37725
CBBL,2021-05-16,1869,1869,1748,1822,2.36,47521
CBBL,2021-05-13,1797,1797,1776,1780,0,22262
CBBL,2021-05-12,1800,1815,1775,1780,-0.22,24927
CBBL,2021-05-11,1765,1800,1765,1784,0.79,38054
CBBL,2021-05-10,1757,1780,1731,1770,0.74,24774
CBBL,2021-05-09,1775,1783,1739,1757,-1.01,36386
CBBL,2021-05-06,1810,1810,1771,1775,-1.66,42529
CBBL,2021-05-05,1820,1825,1800,1805,0.11,60452
CBBL,2021-05-04,1810,1820,1780,1803,0.39,77457
CBBL,2021-05-03,1788,1825,1780,1796,0.96,60003
CBBL,2021-05-02,1760,1807,1748,1779,1.77,49827
CBBL,2021-04-29,1740,1764,1735,1748,0.58,24478
CBBL,2021-04-28,1756,1765,1721,1738,-0.4,43905
CBBL,2021-04-27,1670,1768,1670,1749,5.23,77409
CBBL,2021-04-26,1640,1721,1640,1662,-2,58898
CBBL,2021-04-25,1750,1750,1690,1696,-3.09,54326
CBBL,2021-04-22,1735,1755,1705,1750,0.86,28891
CBBL,2021-04-21,1737,1760,1725,1735,-0.86,32631
CBBL,2021-04-20,1730,1774,1729,1750,0.11,31719
CBBL,2021-04-19,1750,1773,1735,1748,-0.57,47731
CBBL,2021-04-18,1785,1785,1750,1758,-1.07,48580
CBBL,2021-04-15,1850,1850,1768,1777,-0.28,46504
CBBL,2021-04-13,1884,1884,1774,1782,-0.72,63013
CBBL,2021-04-12,1740,1812,1740,1795,3.76,99416
CBBL,2021-04-08,1733,1747,1726,1730,0.46,50228
CBBL,2021-04-07,1700,1745,1670,1722,2.44,113909
CBBL,2021-04-06,1670,1686,1651,1681,1.14,50765
CBBL,2021-04-05,1685,1685,1645,1662,-0.18,26544
CBBL,2021-04-04,1670,1670,1640,1665,0.67,109154
CBBL,2021-04-01,1700,1700,1650,1654,-0.96,26890
CBBL,2021-03-31,1720,1720,1666,1670,-0.42,39655
CBBL,2021-03-30,1641,1685,1613,1677,2.19,92782
CBBL,2021-03-29,1563,1685,1563,1641,-0.24,27733
CBBL,2021-03-25,1700,1700,1644,1645,-1.44,53920
CBBL,2021-03-24,1650,1686,1625,1669,2.96,76811
CBBL,2021-03-23,1528,1634,1528,1621,1,30719
CBBL,2021-03-22,1710,1710,1600,1605,-3.02,55782
CBBL,2021-03-21,1570,1660,1570,1655,5.48,65406
CBBL,2021-03-18,1550,1584,1540,1569,1.55,31021
CBBL,2021-03-17,1510,1549,1480,1545,3.83,29621
CBBL,2021-03-16,1489,1500,1471,1488,1.22,19076
CBBL,2021-03-15,1475,1520,1453,1470,-1.14,20655
CBBL,2021-03-14,1505,1505,1477,1487,-1.46,47133
CBBL,2021-03-10,1615,1615,1500,1509,-2.08,38005
CBBL,2021-03-09,1560,1570,1534,1541,-1.85,14830
CBBL,2021-03-08,1600,1610,1565,1570,-1.81,27350
CBBL,2021-03-04,1500,1600,1500,1599,5.75,41663
CBBL,2021-03-03,1550,1565,1486,1512,-2.39,51769
CBBL,2021-03-02,1600,1625,1535,1549,-3.07,32394
CBBL,2021-03-01,1577,1630,1547,1598,0,41326
CBBL,2021-02-28,1625,1625,1560,1577,-3.01,56334
CBBL,2021-02-25,1625,1670,1620,1626,0,36595
CBBL,2021-02-24,1710,1710,1631,1643,0.8,36765
CBBL,2021-02-23,1650,1650,1592,1630,-1.21,44770
CBBL,2021-02-22,1650,1664,1635,1650,-0.66,35271
CBBL,2021-02-21,1700,1717,1660,1661,-0.01,44753
CBBL,2021-02-18,1699,1720,1655,1684,-0.01,48157
CBBL,2021-02-17,1700,1709,1653,1693,-0.01,49868
CBBL,2021-02-16,1801,1835,1693,1705,-0.01,97169
CBBL,2021-02-15,1591,1716,1591,1716,0.1,292089
CBBL,2021-02-14,1550,1600,1533,1560,0.01,88448
CBBL,2021-02-11,1550,1608,1532,1542,-0.01,52528
CBBL,2021-02-10,1590,1590,1535,1550,-0.01,57726
CBBL,2021-02-09,1635,1637,1555,1565,-0.04,66213
CBBL,2021-02-08,1695,1805,1615,1630,-0.02,99895
CBBL,2021-02-07,1550,1657,1544,1655,0.1,165938
CBBL,2021-02-04,1440,1508,1440,1507,0.02,83756
CBBL,2021-02-03,1529,1555,1470,1484,-0.01,51225
CBBL,2021-02-02,1507,1567,1462,1499,0.04,79406
CBBL,2021-02-01,1430,1475,1420,1436,0,53179
CBBL,2021-01-31,1495,1503,1430,1440,-0.05,74895
CBBL,2021-01-28,1485,1532,1475,1508,0.03,92615
CBBL,2021-01-27,1400,1460,1400,1460,0.03,70934
CBBL,2021-01-26,1419,1440,1406,1414,0.01,53153
CBBL,2021-01-25,1430,1450,1387,1406,0,39876
CBBL,2021-01-24,1390,1438,1388,1403,0.02,37502
CBBL,2021-01-21,1355,1395,1355,1380,0.02,31770
CBBL,2021-01-20,1351,1368,1350,1353,-0.01,28576
CBBL,2021-01-19,1388,1395,1351,1370,-0.01,25751
CBBL,2021-01-18,1361,1400,1360,1387,0.03,29184
CBBL,2021-01-17,1300,1355,1295,1350,0.06,30862
CBBL,2021-01-13,1240,1285,1240,1276,0.03,29607
CBBL,2021-01-12,1220,1243,1215,1234,0,22440
CBBL,2021-01-11,1230,1238,1221,1229,0,17144
CBBL,2021-01-10,1218,1239,1206,1228,0.03,32342
CBBL,2021-01-07,1184,1209,1182,1198,0.01,17315
CBBL,2021-01-06,1185,1195,1170,1182,-0.01,10957
CBBL,2021-01-05,1200,1205,1180,1190,-0.01,9413
CBBL,2021-01-04,1199,1220,1186,1197,0.02,34414
CBBL,2021-01-03,1221,1221,1172,1176,0.01,17802
CBBL,2020-12-31,1197,1197,1158,1163,-0.01,17218
CBBL,2020-12-30,1165,1185,1133,1174,0.03,33983
CBBL,2020-12-29,1382,1400,1382,1385,0,52975
CBBL,2020-12-28,1380,1395,1370,1382,0,17199
CBBL,2020-12-27,1409,1419,1372,1380,-0.02,23040
CBBL,2020-12-24,1450,1450,1407,1407,-0.02,30387
CBBL,2020-12-23,1462,1492,1434,1440,0,32924
CBBL,2020-12-22,1407,1458,1400,1435,0.04,36514
CBBL,2020-12-21,1370,1409,1290,1380,0,39450
CBBL,2020-12-20,1445,1451,1370,1376,-0.05,76789
CBBL,2020-12-17,1470,1494,1440,1441,-0.02,42935
CBBL,2020-12-16,1469,1475,1440,1466,0,32504
CBBL,2020-12-15,1489,1500,1455,1462,0,22190
CBBL,2020-12-14,1439,1467,1439,1462,0.03,60844
CBBL,2020-12-13,1388,1429,1388,1426,0.03,27061
CBBL,2020-12-10,1408,1424,1380,1390,-0.01,29920
CBBL,2020-12-09,1435,1442,1380,1400,-0.03,40087
CBBL,2020-12-08,1476,1505,1426,1445,0,85368
CBBL,2020-12-07,1375,1480,1363,1448,0.03,71154
CBBL,2020-12-06,1555,1555,1391,1400,-0.09,62740
CBBL,2020-12-03,1524,1597,1501,1545,0.06,109479
CBBL,2020-12-02,1346,1452,1340,1452,0.1,92843
CBBL,2020-12-01,1309,1382,1291,1320,0.02,40838
CBBL,2020-11-30,1289,1300,1278,1288,0.01,33609
CBBL,2020-11-29,1235,1280,1230,1275,0.04,29321
CBBL,2020-11-26,1238,1280,1217,1229,0,24729
CBBL,2020-11-25,1190,1235,1190,1233,0.05,28939
CBBL,2020-11-24,1175,1185,1165,1179,0,14967
CBBL,2020-11-23,1172,1185,1170,1175,-0.01,15321
CBBL,2020-11-22,1220,1224,1170,1185,-0.01,28213
CBBL,2020-11-19,1180,1200,1178,1197,0,30912
CBBL,2020-11-18,1181,1187,1150,1187,0,22820
CBBL,2020-11-12,1219,1219,1200,1205,--,15849
CBBL,2020-11-11,1200,1217,1200,1211,1.09,29184
CBBL,2020-11-10,1200,1202,1195,1198,0.67,19881
CBBL,2020-11-09,1200,1204,1186,1190,0.34,37127
CBBL,2020-11-08,1207,1207,1154,1186,0.17,16300
CBBL,2020-11-05,1176,1187,1176,1184,-0.17,9763
CBBL,2020-11-04,1183,1195,1183,1186,0.34,9442
CBBL,2020-11-03,1168,1208,1168,1182,1.2,34488
CBBL,2020-11-02,1138,1170,1135,1168,2.91,29738
CBBL,2020-11-01,1135,1145,1135,1135,-0.26,6940
CBBL,2020-10-29,1130,1150,1130,1138,0.71,16813
CBBL,2020-10-28,1123,1132,1123,1130,0.8,7111
CBBL,2020-10-22,1115,1126,1115,1121,0.63,8703
CBBL,2020-10-21,1115,1119,1114,1114,0.27,2133
CBBL,2020-10-20,1111,1112,1109,1111,0.09,2760
CBBL,2020-10-19,1115,1115,1101,1110,0.27,2939
CBBL,2020-10-18,1110,1115,1107,1107,-0.98,1507
CBBL,2020-10-15,1062,1145,1062,1118,0.09,6036
CBBL,2020-10-14,1102,1120,1102,1117,0.36,5106
CBBL,2020-10-13,1121,1123,1112,1113,-0.63,6950
CBBL,2020-10-12,1102,1124,1102,1120,1.27,8738
CBBL,2020-10-11,1110,1116,1101,1106,-1.07,9997
CBBL,2020-10-08,1120,1120,1111,1118,0.27,7429
CBBL,2020-10-07,1115,1123,1102,1115,0,6439
CBBL,2020-10-06,1122,1123,1111,1115,-0.71,7057
CBBL,2020-10-05,1130,1132,1117,1123,-0.53,8425
CBBL,2020-10-04,1108,1134,1108,1129,0.62,10547
CBBL,2020-10-01,1108,1129,1108,1122,0.99,10167
CBBL,2020-09-30,1100,1116,1100,1111,-0.36,13446
CBBL,2020-09-29,1124,1124,1112,1115,-0.89,17243
CBBL,2020-09-28,1130,1131,1121,1125,-0.53,8805
CBBL,2020-09-27,1132,1140,1129,1131,-0.09,8810
CBBL,2020-09-24,1128,1134,1122,1132,0.71,14786
CBBL,2020-09-23,1119,1125,1107,1124,0.54,6780
CBBL,2020-09-22,1130,1130,1110,1118,-1.06,42011
CBBL,2020-09-21,1125,1140,1117,1130,0.53,64276
CBBL,2020-09-20,1140,1140,1119,1124,0.54,13024
CBBL,2020-09-17,1110,1129,1095,1118,0.27,46214
CBBL,2020-09-16,1120,1123,1113,1115,-1.06,3642
CBBL,2020-09-15,1133,1133,1119,1127,-0.53,7835
CBBL,2020-09-14,1130,1149,1130,1133,-0.26,12110
CBBL,2020-09-13,1143,1150,1130,1136,0.09,15269
CBBL,2020-09-10,1129,1154,1129,1135,1.52,15761
CBBL,2020-09-09,1102,1127,1098,1118,2.1,25913
CBBL,2020-09-08,1075,1117,1075,1095,-0.18,9278
CBBL,2020-09-07,1090,1103,1080,1097,-0.09,16413
CBBL,2020-09-06,1132,1132,1078,1098,-1.08,14413
CBBL,2020-09-03,1109,1150,1090,1110,0.63,26610
CBBL,2020-09-02,1080,1110,1080,1103,2.51,31908
CBBL,2020-08-31,1095,1105,1076,1076,-0.92,30455
CBBL,2020-08-30,1087,1107,1073,1086,-0.09,4586
CBBL,2020-08-27,1099,1100,1081,1087,-0.73,8715
CBBL,2020-08-26,1090,1105,1085,1095,1.01,23185
CBBL,2020-08-25,1095,1099,1072,1084,-0.09,17811
CBBL,2020-08-24,1065,1090,1052,1085,3.83,23483
CBBL,2020-08-23,1035,1047,1034,1045,1.46,4916
CBBL,2020-08-20,1030,1042,1030,1030,0,1677
CBBL,2020-08-19,1025,1040,1020,1030,-1.25,9583
CBBL,2020-08-18,1051,1051,1025,1043,1.07,6834
CBBL,2020-08-17,1030,1033,1014,1032,0.98,7199
CBBL,2020-08-16,1021,1030,1001,1022,-1.73,14631
CBBL,2020-08-13,1060,1060,1037,1040,-2.35,15831
CBBL,2020-08-12,1069,1070,1058,1065,-0.47,8579
CBBL,2020-08-11,1094,1094,1064,1070,-0.56,6872
CBBL,2020-08-10,1055,1076,1055,1076,2.48,11019
CBBL,2020-08-09,1026,1055,1026,1050,1.45,9794
CBBL,2020-08-06,1054,1054,1025,1035,-0.96,13951
CBBL,2020-08-05,1041,1049,1030,1045,-1.51,9747
CBBL,2020-08-03,1059,1074,1040,1061,0.09,16557
CBBL,2020-08-02,1080,1089,1050,1060,-3.64,23890
CBBL,2020-07-30,1076,1100,1061,1100,1.66,31028
CBBL,2020-07-29,1090,1090,1069,1082,-0.28,28237
CBBL,2020-07-28,1078,1105,1078,1085,-1.09,21162
CBBL,2020-07-27,1112,1120,1097,1097,0.27,32406
CBBL,2020-07-26,1101,1101,1084,1094,1.3,17236
CBBL,2020-07-23,1061,1086,1061,1080,0.93,15263
CBBL,2020-07-22,1085,1090,1065,1070,-1.38,12165
CBBL,2020-07-21,1075,1105,1059,1085,0.46,19470
CBBL,2020-07-20,1209,1209,1066,1080,-6.25,30708
CBBL,2020-07-19,1097,1175,1097,1152,5.01,1113
CBBL,2020-07-16,1080,1108,1080,1097,0.64,20118
CBBL,2020-07-15,1116,1129,1087,1090,-2.33,27179
CBBL,2020-07-14,1087,1116,1085,1116,2.67,37390
CBBL,2020-07-13,1090,1091,1060,1087,1.59,23595
CBBL,2020-07-12,1039,1081,1039,1070,5,20437
CBBL,2020-07-09,1010,1030,1010,1019,0.39,63371
CBBL,2020-07-08,1029,1049,1000,1015,0.5,38554
CBBL,2020-07-07,1019,1041,1010,1010,1,41723
CBBL,2020-07-06,950,1002,950,1000,3.41,10093
CBBL,2020-07-05,950,990,923,967,2.87,12408
CBBL,2020-07-02,1022,1022,940,940,-7.93,757
CBBL,2020-07-01,1001,1079,1001,1021,3.97,3827
CBBL,2020-06-30,925,982,925,982,5.59,1676
CBBL,2020-06-29,882,910,835,930,3.33,15048
CBBL,2020-05-13,909,909,900,900,-2.91,100
CBBL,2020-05-12,936,936,927,927,-2.93,5020
CBBL,2020-03-22,946,955,933,955,-1.04,860
CBBL,2020-03-19,946,1000,930,965,0,16078
CBBL,2020-03-18,999,999,945,965,-1.53,17241
CBBL,2020-03-17,1010,1010,977,980,-2.87,24577
CBBL,2020-03-16,989,1020,981,1009,1.61,32229
CBBL,2020-03-15,1000,1014,981,993,-2.07,39082
CBBL,2020-03-12,1050,1075,1011,1014,-3.52,28243
CBBL,2020-03-11,979,1057,979,1051,8.35,25259
CBBL,2020-03-10,1050,1060,970,970,-9.35,17257
CBBL,2020-03-05,1000,1123,982,1070,4.8,19040
CBBL,2020-03-04,1120,1120,1021,1021,-8.02,30809
CBBL,2020-03-03,1196,1188,1077,1110,-7.19,52159
CBBL,2020-03-02,1226,1260,1196,1196,-4.32,20683
CBBL,2020-03-01,1295,1320,1241,1250,-3.47,46564
CBBL,2020-02-27,1343,1343,1261,1295,-2.63,32432
CBBL,2020-02-26,1305,1343,1292,1330,1.92,33432
CBBL,2020-02-25,1241,1306,1217,1305,3.16,25963
CBBL,2020-02-24,1298,1290,1250,1265,-2.54,22650
CBBL,2020-02-23,1277,1319,1255,1298,3.59,35012
CBBL,2020-02-20,1180,1255,1200,1253,6.19,27442
CBBL,2020-02-19,1100,1183,1095,1180,6.21,18574
CBBL,2020-02-18,1115,1125,1091,1111,-0.63,18647
CBBL,2020-02-17,1109,1130,1100,1118,1.73,21061
CBBL,2020-02-16,1056,1102,1056,1099,2.14,25912
CBBL,2020-02-13,1071,1090,1065,1076,1.7,40493
CBBL,2020-02-12,1048,1069,1048,1058,1.05,25143
CBBL,2020-02-11,1010,1055,1000,1047,4.7,52322
CBBL,2020-02-10,981,1000,981,1000,1.94,6418
CBBL,2020-02-09,988,995,980,981,-0.71,9034
CBBL,2020-02-06,990,995,984,988,-0.3,10423
CBBL,2020-02-05,991,1000,985,991,0,13001
CBBL,2020-02-04,983,1010,983,991,-1,14160
CBBL,2020-02-03,1016,1025,997,1001,0.4,27973
CBBL,2020-02-02,1000,1020,985,997,1.42,25433
CBBL,2020-01-30,980,1000,975,983,0.82,27645
CBBL,2020-01-29,948,999,943,975,4.28,58713
CBBL,2020-01-28,907,940,900,935,3.43,19192
CBBL,2020-01-27,885,904,881,904,2.73,5200
CBBL,2020-01-26,885,888,880,880,-0.23,9552
CBBL,2020-01-23,892,898,882,882,-1.01,6958
CBBL,2020-01-22,886,900,886,891,-1.33,2947
CBBL,2020-01-21,905,905,887,903,1.46,5858
CBBL,2020-01-20,928,930,890,890,-2.84,13586
CBBL,2020-01-19,920,940,916,916,-0.11,10600
CBBL,2020-01-16,912,930,900,917,2.92,13054
CBBL,2020-01-15,900,902,885,891,0.34,5236
CBBL,2020-01-14,890,895,873,888,-0.22,6835
CBBL,2020-01-13,907,925,880,890,0,15425
CBBL,2020-01-12,873,892,870,890,3.97,19493
CBBL,2020-01-09,843,858,835,856,2.03,9722
CBBL,2020-01-08,840,854,835,839,0.12,14391
CBBL,2020-01-07,830,845,821,838,0.96,18096
CBBL,2020-01-06,816,832,815,830,1.84,4944
CBBL,2020-01-05,811,835,805,815,0.62,11666
CBBL,2020-01-02,805,815,805,810,0.5,4100
CBBL,2020-01-01,787,806,787,806,1.77,3663
CBBL,2019-12-31,790,799,790,792,0.25,2339
CBBL,2019-12-30,788,791,784,790,0.25,7534
CBBL,2019-12-29,790,792,784,788,-1.38,690
CBBL,2019-12-26,783,800,783,799,1.14,1660
CBBL,2019-12-25,805,805,790,790,-1.25,880
CBBL,2019-12-24,810,810,794,800,-0.62,794
CBBL,2019-12-23,790,805,790,805,2.55,2214
CBBL,2019-12-22,801,801,785,785,-0.13,960
CBBL,2019-12-19,785,798,785,786,-1.75,2094
CBBL,2019-12-18,800,800,785,800,-0.62,1510
CBBL,2019-12-17,804,805,795,805,1.51,1520
CBBL,2019-12-16,805,805,793,793,-1.37,2060
CBBL,2019-12-15,810,810,802,808,-0.25,1665
CBBL,2019-12-12,818,835,809,810,0.87,4393
CBBL,2019-12-11,803,816,801,803,0.88,3978
CBBL,2019-12-10,816,816,796,796,-0.5,2341
CBBL,2019-12-09,793,821,793,800,1.01,6374
CBBL,2019-12-08,790,792,783,792,1.54,1890
CBBL,2019-12-05,791,791,780,780,-1.64,2809
CBBL,2019-12-04,770,793,770,793,3.66,2827
CBBL,2019-12-03,770,770,765,765,0.66,2108
CBBL,2019-12-02,761,766,751,760,-1.72,3494
CBBL,2019-12-01,998,1000,980,983,0.2,8693
CBBL,2019-11-28,977,985,977,981,-0.1,4336
CBBL,2019-11-27,990,990,981,982,0.2,6856
CBBL,2019-11-26,984,985,973,980,0.72,2744
CBBL,2019-11-25,976,976,967,973,0.41,3527
CBBL,2019-11-24,967,969,955,969,0.31,1392
CBBL,2019-11-21,970,970,961,966,-0.41,2555
CBBL,2019-11-20,972,975,968,970,0,2984
CBBL,2019-11-19,974,974,966,970,-0.41,4679
CBBL,2019-11-18,976,978,970,974,-0.51,920
CBBL,2019-11-17,975,979,964,979,0.41,1620
CBBL,2019-11-14,977,980,971,975,-0.2,1019
CBBL,2019-11-13,979,979,970,977,-0.31,1174
CBBL,2019-11-12,970,985,970,980,0.62,1517
CBBL,2019-11-11,971,985,970,974,0.31,6068
CBBL,2019-11-10,978,978,970,971,0.62,5179
CBBL,2019-11-07,962,970,962,965,-0.41,569
CBBL,2019-11-06,968,970,964,969,0.52,795
CBBL,2019-11-05,975,975,964,964,-0.41,3321
CBBL,2019-11-04,965,970,965,968,-0.41,1396
CBBL,2019-11-03,971,974,969,972,0.1,682
CBBL,2019-10-31,975,975,971,971,0,801
CBBL,2019-10-24,966,973,966,971,0.1,3890
CBBL,2019-10-23,969,970,968,970,0.52,563
CBBL,2019-10-22,964,966,964,965,0.1,2652
CBBL,2019-10-21,964,964,964,964,0.31,442
CBBL,2019-10-20,965,970,961,961,-0.41,1689
CBBL,2019-10-17,960,970,960,965,0.52,2842
CBBL,2019-10-16,961,962,960,960,-0.1,663
CBBL,2019-10-15,964,964,961,961,-0.83,700
CBBL,2019-10-14,980,980,965,969,-0.1,677
CBBL,2019-10-10,971,971,970,970,-0.41,450
CBBL,2019-10-03,961,975,961,974,0.21,498
CBBL,2019-10-02,975,975,970,972,0.21,890
CBBL,2019-10-01,970,975,970,970,0,790
CBBL,2019-09-30,965,970,965,970,0.62,601
CBBL,2019-09-29,970,972,957,964,0.84,1055
CBBL,2019-09-26,974,974,956,956,-1.85,906
CBBL,2019-09-24,968,970,960,961,-0.41,1180
CBBL,2019-09-23,956,968,956,965,0,437
CBBL,2019-09-22,970,970,957,965,-1.13,1524
CBBL,2019-09-19,980,985,976,976,0.1,5341
CBBL,2019-09-18,970,975,970,975,0.52,8492
CBBL,2019-09-17,951,973,951,970,0.52,2942
CBBL,2019-09-16,965,965,952,965,0.21,18867
CBBL,2019-09-15,970,975,963,963,-1.33,791
CBBL,2019-09-12,980,984,972,976,-0.2,7673
CBBL,2019-09-11,990,990,973,978,-0.1,14564
CBBL,2019-09-10,980,986,978,979,0,1665
CBBL,2019-09-09,980,980,970,979,-1.81,1522
CBBL,2019-09-08,985,997,970,997,1.73,6453
CBBL,2019-09-05,977,985,966,980,0,7682
CBBL,2019-09-04,984,990,960,980,-0.41,5688
CBBL,2019-09-03,945,984,945,984,2.93,10497
CBBL,2019-09-02,965,970,954,956,-1.44,7684
CBBL,2019-09-01,968,970,964,970,0.21,3701
CBBL,2019-08-29,976,980,968,968,-0.92,6628
CBBL,2019-08-28,985,985,977,977,-0.81,4440
CBBL,2019-08-27,983,995,983,985,0.2,1777
CBBL,2019-08-26,985,986,983,983,-0.2,3810
CBBL,2019-08-25,985,995,975,985,-0.4,6084
CBBL,2019-08-22,985,992,985,989,-0.1,2320
CBBL,2019-08-21,990,990,985,990,0,604
CBBL,2019-08-20,992,992,990,990,-0.3,2250
CBBL,2019-08-19,990,998,990,993,0.51,2159
CBBL,2019-08-18,995,995,988,988,-1.1,5833
CBBL,2019-08-15,995,999,990,999,0,6302
CBBL,2019-08-14,980,999,977,999,1.94,2341
CBBL,2019-08-13,987,990,980,980,-0.71,2150
CBBL,2019-08-12,985,990,985,987,-0.2,1507
CBBL,2019-08-11,989,990,985,989,0,2100
CBBL,2019-08-08,991,994,989,989,-1.3,1850
CBBL,2019-08-07,990,1008,987,1002,0.3,2955
CBBL,2019-08-06,1005,1010,993,999,-1.28,6658
CBBL,2019-08-05,1019,1028,1007,1012,0.1,16703
CBBL,2019-08-04,1009,1012,997,1011,1.4,11379
CBBL,2019-08-01,1010,1012,986,997,0.4,10878
CBBL,2019-07-31,995,998,990,993,1.33,2146
CBBL,2019-07-30,980,985,980,980,-0.2,2923
CBBL,2019-07-29,990,990,973,982,-0.1,5883
CBBL,2019-07-28,990,990,969,983,-0.71,24505
CBBL,2019-07-25,984,998,981,990,-1,5636
CBBL,2019-07-24,1003,1004,995,1000,0.1,8213
CBBL,2019-07-23,980,1000,980,999,2.25,9603
CBBL,2019-07-22,971,980,971,977,0.41,4260
CBBL,2019-07-21,973,979,970,973,-0.1,4484
CBBL,2019-07-18,965,980,965,974,0.93,4858
CBBL,2019-07-17,960,970,960,965,1.58,5078
CBBL,2019-07-16,997,997,950,950,0,2960
CBBL,2019-07-15,950,960,947,950,0.74,1676
CBBL,2019-07-14,956,956,941,943,-0.74,1830
CBBL,2019-07-11,950,955,950,950,0,5214
CBBL,2019-07-10,952,956,947,950,0.32,2925
CBBL,2019-07-09,936,954,935,947,0.21,2391
CBBL,2019-07-08,951,951,940,945,-0.63,8496
CBBL,2019-07-07,960,961,945,951,-0.94,8697
CBBL,2019-07-04,959,965,952,960,0.1,9098
CBBL,2019-07-03,954,959,948,959,1.16,4279
CBBL,2019-07-02,928,948,928,948,1.72,3989
CBBL,2019-07-01,923,939,923,932,-0.32,4806
CBBL,2019-06-30,935,945,934,935,0,3433
CBBL,2019-06-27,939,949,933,935,-0.43,5879
CBBL,2019-06-26,950,950,935,939,0.11,2927
CBBL,2019-06-25,942,942,934,938,-1.16,2456
CBBL,2019-06-24,930,949,930,949,1.5,9278
CBBL,2019-06-23,923,937,923,935,0.32,8285
CBBL,2019-06-20,948,948,928,932,0.22,6946
CBBL,2019-06-19,929,930,925,930,0,2163
CBBL,2019-06-18,928,933,928,930,0.22,4739
CBBL,2019-06-17,925,935,925,928,0.32,4344
CBBL,2019-06-16,930,940,925,925,-1.49,11452
CBBL,2019-06-13,934,942,933,939,0.32,2995
CBBL,2019-06-12,935,939,933,936,-0.32,2287
CBBL,2019-06-11,940,940,935,939,0,4715
CBBL,2019-06-10,944,944,935,939,0,4999
CBBL,2019-06-06,942,947,939,939,-0.32,5199
CBBL,2019-06-04,948,952,940,942,-0.21,5154
CBBL,2019-06-03,943,948,940,944,-0.42,6172
CBBL,2019-06-02,953,957,948,948,-0.52,980
CBBL,2019-05-30,1003,1003,950,953,-0.31,13867
CBBL,2019-05-29,960,967,950,956,-0.1,5444
CBBL,2019-05-28,950,958,948,957,0.21,1891
CBBL,2019-05-27,945,958,945,955,0.53,6081
CBBL,2019-05-26,955,960,947,950,-0.21,4687
CBBL,2019-05-23,955,958,950,952,-0.42,5634
CBBL,2019-05-22,954,973,952,956,1.49,2860
CBBL,2019-05-21,941,945,941,942,0.11,5415
CBBL,2019-05-20,947,957,941,941,-0.74,4263
CBBL,2019-05-19,951,958,948,948,-0.63,5580
CBBL,2019-05-16,957,960,948,954,-0.31,4299
CBBL,2019-05-15,960,968,955,957,-0.1,6480
CBBL,2019-05-14,960,964,951,958,0.74,12990
CBBL,2019-05-13,951,957,948,951,0,3170
CBBL,2019-05-12,953,965,951,951,-0.21,3398
CBBL,2019-05-09,950,960,947,953,-0.83,6266
CBBL,2019-05-08,989,989,960,961,-0.93,3150
CBBL,2019-05-07,980,995,963,970,0.83,16901
CBBL,2019-05-06,970,970,946,962,0.42,5492
CBBL,2019-05-05,972,972,950,958,-1.24,8585
CBBL,2019-05-02,968,984,950,970,0.21,20244
CBBL,2019-04-30,971,990,958,968,1.68,30398
CBBL,2019-04-29,995,995,930,952,0.39,21298
CBBL,2019-04-28,1060,1120,1060,1119,7.18,84954
CBBL,2019-04-25,1011,1044,1011,1044,2.96,64765
CBBL,2019-04-24,1020,1022,1012,1014,-0.69,18540
CBBL,2019-04-23,1030,1033,1011,1021,-0.39,48926
CBBL,2019-04-22,1045,1054,1004,1025,-1.82,13106
CBBL,2019-04-21,1034,1065,1030,1044,2.96,25996
CBBL,2019-04-18,979,1018,969,1014,4.54,29927
CBBL,2019-04-17,960,985,955,970,1.04,7592
CBBL,2019-04-16,948,960,940,960,3.23,16266
CBBL,2019-04-15,915,940,915,930,2.99,8053
CBBL,2019-04-11,910,919,902,903,-0.77,3466
CBBL,2019-04-10,900,910,892,910,0.33,1445
CBBL,2019-04-09,901,919,900,907,-0.66,3469
CBBL,2019-04-08,895,923,890,913,2.01,7993
CBBL,2019-04-07,889,895,889,895,0.56,1581
CBBL,2019-04-04,890,890,889,890,-0.56,1468
CBBL,2019-04-03,900,903,895,895,-0.22,895
CBBL,2019-04-02,899,901,890,897,0.79,5832
CBBL,2019-04-01,902,902,884,890,0.56,3491
CBBL,2019-03-31,885,889,885,885,0,2235
CBBL,2019-03-28,881,885,879,885,-0.34,4288
CBBL,2019-03-27,879,888,880,888,1.02,1820
CBBL,2019-03-26,871,885,871,879,-0.57,2353
CBBL,2019-03-25,875,890,875,884,0.11,6834
CBBL,2019-03-24,875,883,875,883,0.34,2249
CBBL,2019-03-21,872,887,872,880,0.23,1892
CBBL,2019-03-19,875,878,875,878,-0.23,404
CBBL,2019-03-18,887,890,880,880,-1.23,5452
CBBL,2019-03-17,899,899,891,891,-0.22,3500
CBBL,2019-03-14,893,900,887,893,0.34,1270
CBBL,2019-03-13,910,910,890,897,-0.11,2756
CBBL,2019-03-12,900,909,891,898,0.11,9676
CBBL,2019-03-11,895,903,882,897,0.22,8440
CBBL,2019-03-10,886,895,870,895,1.02,1975
CBBL,2019-03-09,886,895,870,895,1.02,1975
CBBL,2019-03-07,885,887,872,886,1.37,8780
CBBL,2019-03-06,870,876,868,874,0.69,3050
CBBL,2019-03-05,870,870,868,868,0,1629
CBBL,2019-03-03,857,870,857,868,0.35,3544
CBBL,2019-02-27,875,875,865,865,-0.46,3605
CBBL,2019-02-26,885,885,865,869,-0.69,1385
CBBL,2019-02-25,866,875,860,875,1.16,2358
CBBL,2019-02-24,863,871,862,865,-0.69,3072
CBBL,2019-02-21,870,875,860,871,1.28,3483
CBBL,2019-02-20,879,879,860,860,-2.16,6755
CBBL,2019-02-19,868,879,863,879,1.85,7039
CBBL,2019-02-18,873,873,860,863,-0.8,5376
CBBL,2019-02-17,862,873,860,870,0.69,2118
CBBL,2019-02-14,862,868,855,864,-0.46,3220
CBBL,2019-02-13,884,884,868,868,-1.03,5013
CBBL,2019-02-12,876,882,872,877,0,1687
CBBL,2019-02-11,880,883,874,877,0.34,3315
CBBL,2019-02-10,874,877,872,874,-0.34,1545
CBBL,2019-02-07,880,881,875,877,0.11,4495
CBBL,2019-02-06,873,880,870,876,0.34,5988
CBBL,2019-02-05,874,880,868,873,0.58,6950
CBBL,2019-02-04,880,885,868,868,-1.03,7638
CBBL,2019-02-03,892,899,875,877,0.23,16688
CBBL,2019-01-31,866,882,866,875,1.04,2190
CBBL,2019-01-30,870,877,865,866,-0.46,950
CBBL,2019-01-29,877,881,868,870,-0.8,18562
CBBL,2019-01-28,880,889,877,877,-0.34,4009
CBBL,2019-01-27,895,900,880,880,-1.68,6261
CBBL,2019-01-24,886,909,886,895,1.02,12279
CBBL,2019-01-23,884,893,879,886,0.23,3578
CBBL,2019-01-22,876,889,876,884,0.91,11076
CBBL,2019-01-21,893,895,876,876,-1.9,7610
CBBL,2019-01-20,925,925,880,893,-3.46,16487
CBBL,2019-01-17,890,925,873,925,3.93,23495
CBBL,2019-01-16,885,905,880,890,0.56,21564
CBBL,2019-01-15,867,885,855,885,2.08,11790
CBBL,2019-01-14,840,867,835,867,3.21,3052
CBBL,2019-01-13,846,858,840,840,-0.71,6193
CBBL,2019-01-10,821,853,821,846,3.05,8645
CBBL,2019-01-09,818,825,815,821,0.37,3907
CBBL,2019-01-08,825,834,816,818,-0.85,5704
CBBL,2019-01-07,808,830,800,825,2.1,6166
CBBL,2019-01-06,858,858,807,808,-5.83,26546
CBBL,2019-01-03,856,863,855,858,0.23,1351
CBBL,2019-01-02,843,857,843,856,1.54,14530
CBBL,2019-01-01,852,854,840,843,-1.06,3007
CBBL,2018-12-31,858,858,844,852,-0.7,23324
CBBL,2018-12-30,859,867,850,858,-0.12,16233
CBBL,2018-12-27,855,887,844,859,0.47,27282
CBBL,2018-12-26,833,863,833,855,2.64,15324
CBBL,2018-12-25,831,834,825,833,0.24,978
CBBL,2018-12-24,827,845,827,831,0.48,14705
CBBL,2018-12-23,820,840,820,827,0.85,42767
CBBL,2018-12-20,815,831,809,820,0.61,10136
CBBL,2018-12-19,829,829,815,815,-1.69,9323
CBBL,2018-12-18,830,833,823,829,-0.12,2871
CBBL,2018-12-17,830,835,822,830,0,58640
CBBL,2018-12-16,822,840,822,830,0.97,70023
CBBL,2018-12-13,830,830,820,822,-0.96,22489
CBBL,2018-12-12,829,830,825,830,0.12,3302
CBBL,2018-12-11,840,840,829,829,-1.31,3447
CBBL,2018-12-10,832,845,830,839,0.84,23327
CBBL,2018-12-09,827,838,827,832,0.6,9264
CBBL,2018-12-06,827,843,824,827,0,2529
CBBL,2018-12-04,840,855,840,841,0.12,2012
CBBL,2018-12-03,839,860,831,840,0.12,1770
CBBL,2018-12-02,853.26,855,839,839,-1.67,2832
CBBL,2018-11-29,856,865,851,851,-0.58,1620
CBBL,2018-11-28,860.89,860.89,856,856,-0.57,825
CBBL,2018-11-27,872.78,880,860,860,-1.46,3402
CBBL,2018-11-26,870,876,870,872,0.23,725
CBBL,2018-11-25,880,880,870,870,-1.14,841
CBBL,2018-11-22,878,880,870,880,0.23,420
CBBL,2018-11-21,861,878,861,878,1.97,748
CBBL,2018-11-20,874,874,861,861,-1.49,1854
CBBL,2018-11-19,875,880,867,871,-0.46,3407
CBBL,2018-11-18,881,881,871,875,-0.68,485
CBBL,2018-11-15,893,893,880,881,-1.34,899
CBBL,2018-11-14,894,894,883,893,-0.11,428
CBBL,2018-11-05,888,888,872,884,1.03,1250
CBBL,2018-11-04,885,885,875,875,-1.13,247
CBBL,2018-11-01,880,890,875,885,-0.45,865
CBBL,2018-10-31,880,889,874,889,0.45,1548
CBBL,2018-10-30,876,885,875,885,1.03,909
CBBL,2018-10-29,871,885,870,876,0.46,1090
CBBL,2018-10-28,885,885,864,872,-1.47,2964
CBBL,2018-10-25,900,900,885,885,-1.23,974
CBBL,2018-10-24,895,902,885,896,-0.22,733
CBBL,2018-10-23,895,898,895,897,-0.22,785
CBBL,2018-10-22,892,900,892,900,0.9,329
CBBL,2018-10-15,900,900,892,893,-1.11,500
CBBL,2018-10-14,900,905,897,902,0.78,365
CBBL,2018-10-11,892,900,890,896,-0.44,1005
CBBL,2018-10-10,900,900,897,899,-0.11,190
CBBL,2018-10-09,907,907,900,900,-0.88,725
CBBL,2018-10-08,890,908,884,908,0.89,2538
CBBL,2018-10-07,900,900,895,900,-0.33,804
CBBL,2018-10-04,908,910,900,903,-0.55,2226
CBBL,2018-10-03,910,918,908,909,-0.22,2836
CBBL,2018-10-02,920,920,910,910,-0.76,2570
CBBL,2018-10-01,926,930,917,917,-1.4,5061
CBBL,2018-09-30,938,948,928,930,-0.85,1997
CBBL,2018-09-27,942,945,937,938,-0.74,3324
CBBL,2018-09-26,950,955,939,945,0.32,3089
CBBL,2018-09-25,950,950,940,942,-0.63,4822
CBBL,2018-09-23,971,971,943,948,-0.73,3334
CBBL,2018-09-20,950,960,950,955,0.1,3273
CBBL,2018-09-18,947,965,947,954,0.74,1865
CBBL,2018-09-17,960,960,947,949,-1.87,3953
CBBL,2018-09-16,953,990,953,965,3.21,16446
CBBL,2018-09-13,940,952,921,935,0.11,3238
CBBL,2018-09-12,930,935,925,934,2.3,2614
CBBL,2018-09-11,930,939,913,916,0.11,3177
CBBL,2018-09-10,910,912,902,912,0.66,1387
CBBL,2018-09-09,910,915,906,906,-0.77,1670
CBBL,2018-09-06,934,934,913,914,-0.76,6319
CBBL,2018-09-05,910,937,910,920,1.1,10370
CBBL,2018-09-04,910,910,905,910,0,1150
CBBL,2018-09-03,907,924,900,910,2.25,6389
CBBL,2018-09-02,895,903,890,890,0,3965
CBBL,2018-08-30,895,901,890,890,0,3137
CBBL,2018-08-29,880,896,880,890,-0.56,4239
CBBL,2018-08-28,891,900,891,895,-0.67,896
CBBL,2018-08-26,901,909,901,901,0.11,1230
CBBL,2018-08-23,910,909,900,901,0,1470
CBBL,2018-08-22,903,903,900,900,-0.66,1406
CBBL,2018-08-21,900,907,900,906,0.22,4306
CBBL,2018-08-20,896,906,895,904,0,2809
CBBL,2018-08-19,919,919,904,904,-1.63,5438
CBBL,2018-08-16,902,920,902,915,0.44,3547
CBBL,2018-08-15,887,922,887,915,1.67,6887
CBBL,2018-08-14,910,910,896,900,0.67,4138
CBBL,2018-08-13,890,894,885,893,0.68,2820
CBBL,2018-08-12,900,900,886,888,-0.22,1935
CBBL,2018-08-09,900,904,890,893,-1.66,3437
CBBL,2018-08-08,897,907,891,905,0.56,3271
CBBL,2018-08-07,900,901,895,900,0.11,12415
CBBL,2018-08-06,882,905,880,899,3.93,13184
CBBL,2018-08-05,865,865,862,865,-0.35,1468
CBBL,2018-08-02,865,868,860,868,0.35,1833
CBBL,2018-08-01,865,865,860,865,0.12,529
CBBL,2018-07-31,862,864,855,864,0,825
CBBL,2018-07-30,865,870,860,864,0.7,1645
CBBL,2018-07-29,870,873,855,860,-1.15,1171
CBBL,2018-07-26,897,890,858,868,-1.36,2392
CBBL,2018-07-25,841,880,841,880,2.8,657
CBBL,2018-07-24,860,876,850,859,-1.04,4172
CBBL,2018-07-23,840,865,830,865,2.98,1864
CBBL,2018-07-22,861,862,840,841,-2.33,2440
CBBL,2018-07-19,854,865,854,860,-0.58,1632
CBBL,2018-07-18,871,871,865,865,-0.69,2399
CBBL,2018-07-17,870,878,870,871,-0.68,210
CBBL,2018-07-16,870,877,860,877,1.39,3704
CBBL,2018-07-15,870,871,860,865,1.17,3323
CBBL,2018-07-12,884,890,851,855,-3.28,4652
CBBL,2018-07-11,890,898,870,884,0.11,8850
CBBL,2018-07-10,873,885,872,883,1.14,4755
CBBL,2018-07-09,861,880,861,873,0.46,2082
CBBL,2018-07-08,895,895,860,869,-2.47,57885
CBBL,2018-07-05,882,899,865,891,3.01,25710
CBBL,2018-07-04,867,880,850,870,-0.35,13392
CBBL,2018-07-03,885,885,853,864,-0.23,2506
CBBL,2018-07-02,870,885,870,870,-0.11,2394
CBBL,2018-07-01,867,871,866,871,-0.46,1272
CBBL,2018-06-28,880,880,875,875,-0.11,585
CBBL,2018-06-27,892,892,876,877,0.11,893
CBBL,2018-06-26,892,898,875,875,-3.85,2392
CBBL,2018-06-25,900,910,893,898,2.13,1363
CBBL,2018-06-24,900,900,890,891,-0.45,824
CBBL,2018-06-21,895,905,892,895,-0.11,1188
CBBL,2018-06-20,895,900,885,896,-0.44,12619
CBBL,2018-06-19,910,910,900,900,-1.1,80
CBBL,2018-06-18,910,910,910,910,1.22,214
CBBL,2018-06-17,930,930,899,899,-3.33,634
CBBL,2018-06-14,922,930,920,930,1.2,477
CBBL,2018-06-13,920,925,919,919,-0.22,1333
CBBL,2018-06-12,920,930,920,921,-0.97,360
CBBL,2018-06-11,905,930,902,929,1.42,2518
CBBL,2018-06-10,947,947,917,917,-1.93,1951
CBBL,2018-06-07,966,966,922,935,-2.6,3181
CBBL,2018-06-06,950,985,950,960,3,1294
CBBL,2018-06-04,965,970,930,932,-3.42,3091
CBBL,2018-06-03,980,982,945,966,-2.53,3808
CBBL,2018-05-31,990,995,990,990,0,1892
CBBL,2018-05-30,1010,1020,988,991,-1,2778
CBBL,2018-05-29,1015,1015,1000,1000,-0.99,1660
CBBL,2018-05-28,982,1010,990,1010,2.85,2219
CBBL,2018-05-27,995,995,974,982,-1.31,1904
CBBL,2018-05-24,1000,1000,991,995,-0.5,1495
CBBL,2018-05-23,1003,1009,1000,1000,-0.3,675
CBBL,2018-05-22,1030,1030,1001,1003,-0.69,1204
CBBL,2018-05-21,1005,1015,1000,1010,0.7,772
CBBL,2018-05-20,1030,1030,1000,1003,-0.69,1002
CBBL,2018-05-17,1006,1010,1005,1010,0.7,606
CBBL,2018-05-16,1000,1010,1000,1004,-0.3,1447
CBBL,2018-05-15,1025,1025,1005,1006,-0.59,201
CBBL,2018-05-14,1015,1019,1010,1012,-0.78,2458
CBBL,2018-05-10,1011,1020,1003,1020,0.89,910
CBBL,2018-05-09,1018,1038,1011,1011,-0.69,2592
CBBL,2018-05-08,995,1019,995,1018,0.3,2155
CBBL,2018-05-07,1010,1016,1005,1015,-1.46,5514
CBBL,2018-05-06,1046,1045,1025,1030,0.39,1278
CBBL,2018-05-03,1050,1060,1026,1026,-1.35,5857
CBBL,2018-05-02,1001,1044,981,1040,3.9,1965
CBBL,2018-04-29,1005,1020,1000,1001,-2.34,5082
CBBL,2018-04-26,1045,1045,1010,1022,-2.47,2815
CBBL,2018-04-25,1050,1051,1042,1051,-0.76,1601
CBBL,2018-04-24,1048,1080,1028,1059,-0.93,8706
CBBL,2018-04-23,1118,1120,1030,1069,-2.73,9899
CBBL,2018-04-22,1040,1100,1040,1099,5.67,5547
CBBL,2018-04-19,1040,1045,1020,1040,-0.48,6365
CBBL,2018-04-18,1048,1060,1002,1045,1.65,7496
CBBL,2018-04-17,957,1050,965,1028,7.42,12560
CBBL,2018-04-16,928,971,910,957,5.16,5762
CBBL,2018-04-15,900,910,887,910,1.11,739
CBBL,2018-04-12,905,923,887,900,1.35,3871
CBBL,2018-04-11,894,910,885,890,-1.11,2624
CBBL,2018-04-10,931,940,897,901,-4.47,3170
CBBL,2018-04-09,932,950,897,940,2.73,4990
CBBL,2018-04-08,867,926,860,910,7.65,9153
CBBL,2018-04-05,840,854,824,850,2.41,6835
CBBL,2018-04-04,804,836,804,830,3.23,2126
CBBL,2018-04-03,800,804,800,804,0.5,3248
CBBL,2018-04-02,795,805,795,800,-0.25,870
CBBL,2018-04-01,820,820,795,802,-2.55,4732
CBBL,2018-03-29,813,823,792,823,2.87,7116
CBBL,2018-03-28,822,837,785,801,-1.84,4342
CBBL,2018-03-27,781,833,733,815,3.16,2893
CBBL,2018-03-26,809,809,784,790,-4.24,3016
CBBL,2018-03-22,825,840,800,825,-1.9,2095
CBBL,2018-03-21,870,870,806,841,-3.33,5119
CBBL,2018-03-20,900,900,860,870,-3.33,3622
CBBL,2018-03-19,900,902,896,900,-0.11,1040
CBBL,2018-03-18,909,909,899,905,0,3274
CBBL,2018-03-15,900,904,900,901,0.22,4280
CBBL,2018-03-14,890,903,890,899,0.45,1898
CBBL,2018-03-13,900,900,890,895,-0.56,1959
CBBL,2018-03-12,900,900,890,900,0,485
CBBL,2018-03-11,910,900,890,900,-1.1,2149
CBBL,2018-03-07,918,921,890,911,1.11,2441
CBBL,2018-03-06,875,907,872,900,1.24,6291
CBBL,2018-03-04,979,979,927,940,-4.08,5551
CBBL,2018-02-28,975,987,966,980,-0.51,1570
CBBL,2018-02-27,980,995,976,985,0.92,1725
CBBL,2018-02-26,986,1000,975,976,-1.01,1773
CBBL,2018-02-25,992,996,985,990,-1,1913
CBBL,2018-02-22,993,1010,993,1000,-0.1,2005
CBBL,2018-02-21,1000,1010,998,1001,-0.79,1477
CBBL,2018-02-20,1006,1010,1000,1009,-1.08,2272
CBBL,2018-02-18,1044,1064,1020,1020,-2.3,4345
CBBL,2018-02-15,1022,1045,1019,1044,2.96,2764
CBBL,2018-02-14,1000,1014,995,1014,1.91,1150
CBBL,2018-02-12,1014,1020,995,996,0,710
CBBL,2018-02-11,1020,1020,995,995,-1.97,610
CBBL,2018-02-08,1005,1015,995,1015,2.01,469
CBBL,2018-02-07,995,995,986,995,-0.2,1554
CBBL,2018-02-06,1000,1008,995,998,-0.8,6995
CBBL,2018-02-05,1040,1040,1000,1005,-1.47,920
CBBL,2018-02-04,1030,1030,1015,1020,-0.68,3495
CBBL,2018-02-01,1030,1035,1027,1030,0.2,1746
CBBL,2018-01-31,1000,1025,998,1025,0.49,2170
CBBL,2018-01-29,1000,1020,1000,1020,0.79,220
CBBL,2018-01-28,1006,1015,1005,1012,-0.78,1664
CBBL,2018-01-25,1000,1020,1000,1020,2,1585
CBBL,2018-01-24,1000,1000,990,1000,-0.1,1067
CBBL,2018-01-23,1005,1005,994,1001,0.4,1754
CBBL,2018-01-22,1000,1002,997,997,-0.3,724
CBBL,2018-01-21,1002,1002,1000,1000,0,617
CBBL,2018-01-17,1000,1010,995,1000,-1.48,860
CBBL,2018-01-16,1010,1019,999,1015,-0.49,2869
CBBL,2018-01-14,1030,1030,1010,1020,-1.07,425
CBBL,2018-01-10,1045,1045,1031,1031,-2.74,1187
CBBL,2018-01-09,1030,1060,1035,1060,2.91,1269
CBBL,2018-01-08,1040,1040,1020,1030,-0.96,732
CBBL,2018-01-07,1040,1040,1040,1040,0.48,125
CBBL,2018-01-04,990,1035,990,1035,4.02,664
CBBL,2018-01-03,1009,1009,993,995,-0.5,1597
CBBL,2018-01-02,1016,1044,1000,1000,-3.38,3815
CBBL,2018-01-01,990,1035,990,1035,5.61,625
CBBL,2017-12-31,980,999,975,980,-2,5243
CBBL,2017-12-28,1000,1040,1000,1000,-1.96,1700
CBBL,2017-12-27,1035,1050,1015,1020,-1.45,3098
CBBL,2017-12-26,1051,1055,1035,1035,-2.36,2511
CBBL,2017-12-24,1081,1081,1060,1060,0,5494
CBBL,2017-12-21,1075,1075,1060,1061,-1.4,746
CBBL,2017-12-20,1061,1080,1060,1075,0.47,920
CBBL,2017-12-19,1070,1090,1070,1072,-0.93,1430
CBBL,2017-12-18,1109,1109,1080,1080,-1.37,2004
CBBL,2017-12-17,1101,1101,1095,1095,-0.54,1794
CBBL,2017-12-13,1100,1115,1100,1101,0.09,1689
CBBL,2017-12-12,1112,1112,1100,1100,-1.79,1886
CBBL,2017-12-11,1110,1121,1110,1120,1.82,402
CBBL,2017-12-10,1150,1173,1100,1110,-2.65,3747
CBBL,2017-12-06,1144,1144,1130,1130,0,800
CBBL,2017-12-05,1100,1130,1100,1125,2.73,563
CBBL,2017-12-04,1130,1152,1100,1103,-2.65,1240
CBBL,2017-11-30,1134,1134,1113,1130,1.62,3683
CBBL,2017-11-29,1116,1134,1094,1120,1.55,2514
CBBL,2017-11-28,1115,1115,1095,1095,-2.23,3635
CBBL,2017-11-27,1100,1121,1100,1120,0,360
CBBL,2017-11-26,1100,1132,1108,1120,1.82,1485
CBBL,2017-11-23,1091,1110,1090,1100,0.82,1290
CBBL,2017-11-22,1100,1100,1088,1091,-0.27,2232
CBBL,2017-11-21,1095,1100,1090,1094,0,1235
CBBL,2017-11-20,1120,1120,1080,1094,-1.44,1178
CBBL,2017-11-19,1112,1110,1066,1110,-0.18,1670
CBBL,2017-11-16,1125,1125,1078,1112,-2.03,2310
CBBL,2017-11-15,1140,1162,1125,1130,0.71,6875
CBBL,2017-11-14,1080,1137,1080,1127,4.64,7512
CBBL,2017-11-13,1071,1091,1065,1077,0.56,2675
CBBL,2017-11-12,1078,1098,1028,1071,-0.65,3407
CBBL,2017-11-09,1062,1100,1040,1078,3.45,2153
CBBL,2017-11-08,1075,1075,1033,1045,-3.07,2470
CBBL,2017-11-07,1085,1106,1072,1076,0.47,917
CBBL,2017-11-06,1105,1120,1070,1070,-3.17,4340
CBBL,2017-11-05,1120,1120,1097,1104,-1.6,2590
CBBL,2017-11-02,1120,1125,1100,1123,0.27,4419
CBBL,2017-11-01,1125,1125,1118,1120,-0.53,680
CBBL,2017-10-31,1130,1140,1126,1126,-1.23,400
CBBL,2017-10-30,1132,1144,1130,1140,-0.52,3365
CBBL,2017-10-29,1160,1170,1146,1150,-2.88,1947
CBBL,2017-10-25,1166,1185,1162,1180,-0.59,1468
CBBL,2017-10-24,1234,1220,1187,1187,-3.81,725
CBBL,2017-10-23,1205,1250,1194,1234,2.41,5803
CBBL,2017-10-22,1479,1479,1443,1445,-0.34,10352
CBBL,2017-10-18,1440,1460,1430,1450,0.69,3084
CBBL,2017-10-17,1456,1469,1426,1440,-1.03,4226
CBBL,2017-10-16,1370,1460,1370,1455,4.68,5248
CBBL,2017-10-15,1390,1405,1390,1396,0,4390
CBBL,2017-10-12,1392,1400,1385,1390,-0.36,1230
CBBL,2017-10-11,1400,1405,1381,1395,0.36,1604
CBBL,2017-10-10,1390,1417,1388,1390,0,1175
CBBL,2017-10-09,1400,1428,1390,1390,-0.71,1302
CBBL,2017-10-08,1425,1425,1378,1400,-2.64,913
CBBL,2017-10-04,1465,1465,1437,1440,-3.16,1170
CBBL,2017-10-03,1470,1485,1470,1480,0.88,302
CBBL,2017-09-26,1467,1474,1467,1472,0.48,252
CBBL,2017-09-25,1470,1470,1465,1465,0,1257
CBBL,2017-09-24,1479,1479,1465,1465,1.03,1472
CBBL,2017-09-20,1441,1450,1426,1450,-1.36,1057
CBBL,2017-09-18,1475,1488,1460,1470,-0.68,3870
CBBL,2017-09-17,1485,1489,1440,1480,1.37,3810
CBBL,2017-09-14,1427,1475,1426,1460,2.31,5223
CBBL,2017-09-13,1420,1474,1418,1427,-1.31,3603
CBBL,2017-09-12,1464,1480,1446,1446,-2.95,5114
CBBL,2017-09-11,1491,1515,1433,1490,-2.04,17683
CBBL,2017-09-10,1710,1657,1521,1521,-10,17382
CBBL,2017-09-07,1700,1700,1680,1690,0,12590
CBBL,2017-09-06,1692,1695,1666,1660,1.81,17721
CBBL,2017-09-04,1682,1700,1655,1660,-2.35,10338
CBBL,2017-08-31,1730,1729,1691,1700,-1.73,22004
CBBL,2017-08-30,1735,1752,1715,1729,0.87,37820
CBBL,2017-08-28,1690,1730,1668,1715,3,37349
CBBL,2017-08-27,1632,1667,1632,1665,2.02,10695
CBBL,2017-08-24,1597,1632,1600,1632,2.19,2588
CBBL,2017-08-23,1630,1630,1595,1597,-0.81,1404
CBBL,2017-08-22,1590,1625,1590,1610,1.26,4166
CBBL,2017-08-21,1595,1610,1590,1595,-0.93,2827
CBBL,2017-08-20,1620,1620,1585,1600,-1.53,4309
CBBL,2017-08-17,1600,1630,1600,1630,1.87,1334
CBBL,2017-08-16,1610,1625,1595,1600,0,6952
CBBL,2017-08-15,1640,1640,1600,1600,-2.74,7452
CBBL,2017-08-13,1660,1660,1636,1645,-1.26,3527
CBBL,2017-08-10,1661,1690,1658,1666,-0.24,6501
CBBL,2017-08-09,1670,1675,1660,1670,-0.18,3493
CBBL,2017-08-07,1700,1700,1665,1673,-0.36,6067
CBBL,2017-08-06,1688,1695,1643,1679,-0.59,5733
CBBL,2017-08-03,1700,1719,1683,1689,-0.65,13025
CBBL,2017-08-02,1675,1700,1664,1700,1.92,15224
CBBL,2017-08-01,1645,1670,1645,1668,2.21,14068
CBBL,2017-07-31,1669,1669,1632,1632,-1.09,4866
CBBL,2017-07-30,1620,1655,1590,1650,0.3,5927
CBBL,2017-07-27,1590,1680,1590,1645,3.46,10420
CBBL,2017-07-26,1598,1611,1590,1590,0.63,5970
CBBL,2017-07-25,1590,1600,1565,1580,0,6539
CBBL,2017-07-24,1582,1590,1573,1580,-0.06,1235
CBBL,2017-07-23,1591,1605,1581,1585,-0.63,3213
CBBL,2017-07-20,1585,1594,1581,1591,0.7,1415
CBBL,2017-07-19,1602,1610,1580,1580,-1.19,3190
CBBL,2017-07-18,1580,1600,1571,1599,2.04,6472
CBBL,2017-07-17,1550,1575,1530,1567,0.58,2478
CBBL,2017-07-16,1525,1558,1525,1558,2.16,1791
CBBL,2017-07-13,1536,1536,1510,1525,-0.72,3816
CBBL,2017-07-12,1532,1541,1516,1536,0,3549
CBBL,2017-07-11,1517,1548,1510,1536,-0.26,2255
CBBL,2017-07-10,1591,1591,1540,1540,-1.28,1167
CBBL,2017-07-09,1560,1618,1506,1560,0,6530
CBBL,2017-07-06,1560,1579,1518,1560,1.96,6076
CBBL,2017-07-05,1515,1530,1509,1530,0.99,1091
CBBL,2017-07-04,1508,1515,1506,1515,0.66,1198
CBBL,2017-07-03,1520,1530,1505,1505,0.13,981
CBBL,2017-07-02,1522,1522,1502,1503,-1.25,2397
CBBL,2017-06-28,1541,1541,1511,1522,-1.23,1180
CBBL,2017-06-27,1550,1555,1536,1542,-0.13,1869
CBBL,2017-06-25,1555,1560,1532,1543,0.85,2480
CBBL,2017-06-22,1520,1560,1520,1533,1.32,2376
CBBL,2017-06-21,1510,1515,1492,1510,0,2943
CBBL,2017-06-20,1515,1525,1490,1510,-0.33,4407
CBBL,2017-06-19,1559,1559,1515,1520,-1.94,3187
CBBL,2017-06-18,1550,1555,1545,1545,-0.32,1402
CBBL,2017-06-15,1550,1580,1550,1560,-1.02,2721
CBBL,2017-06-14,1516,1566,1516,1566,1.69,2126
CBBL,2017-06-13,1559,1565,1540,1540,-1.03,3626
CBBL,2017-06-12,1565,1585,1550,1556,-1.02,4657
CBBL,2017-06-11,1585,1586,1550,1573,-1.99,3358
CBBL,2017-06-08,1596,1612,1595,1604,0.19,3259
CBBL,2017-06-07,1625,1625,1600,1601,-1.48,2753
CBBL,2017-06-06,1619,1625,1595,1625,2.14,13167
CBBL,2017-06-05,1626,1626,1591,1596,-0.25,923
CBBL,2017-06-04,1560,1596,1560,1595,0.63,2467
CBBL,2017-06-01,1610,1620,1585,1585,-0.31,7297
CBBL,2017-05-31,1585,1619,1540,1590,0.32,6764
CBBL,2017-05-30,1601,1611,1580,1585,-0.94,8938
CBBL,2017-05-28,1615,1625,1600,1600,-2.68,6281
CBBL,2017-05-24,1623,1648,1601,1644,1.29,5316
CBBL,2017-05-23,1620,1639,1601,1623,0.19,7114
CBBL,2017-05-22,1626,1635,1602,1622,-1.04,4833
CBBL,2017-05-21,1650,1658,1635,1637,-1.38,2125
CBBL,2017-05-18,1653,1660,1640,1660,0.42,5532
CBBL,2017-05-17,1647,1653,1642,1653,-0.72,3015
CBBL,2017-05-16,1680,1680,1660,1666,-0.83,5253
CBBL,2017-05-15,1655,1700,1630,1679,1.76,22050
CBBL,2017-05-11,1640,1655,1620,1650,0.92,8705
CBBL,2017-05-09,1595,1635,1595,1635,2.51,4109
CBBL,2017-05-08,1571,1609,1561,1595,-0.13,5584
CBBL,2017-05-07,1633,1633,1585,1597,-0.25,5797
CBBL,2017-05-04,1611,1611,1600,1601,-0.25,4078
CBBL,2017-05-03,1646,1678,1605,1605,-0.56,3905
CBBL,2017-05-02,1610,1620,1580,1614,0.87,12210
CBBL,2017-04-30,1630,1630,1576,1595,-1.84,6141
CBBL,2017-04-27,1600,1660,1600,1630,0,12693
CBBL,2017-04-26,1625,1650,1604,1630,0.87,10743
CBBL,2017-04-25,1600,1654,1600,1616,-0.25,14382
CBBL,2017-04-24,1703,1703,1610,1620,-2.99,9349
CBBL,2017-04-23,1662,1762,1640,1670,2.64,9735
CBBL,2017-04-20,1662,1695,1610,1630,0,15166
CBBL,2017-04-19,1525,1635,1524,1630,6.89,9444
CBBL,2017-04-18,1550,1589,1491,1525,-3.48,12042
CBBL,2017-04-16,1642,1690,1580,1581,-5.67,5071
CBBL,2017-04-13,1617,1713,1600,1675,1.52,17248
CBBL,2017-04-12,1721,1780,1650,1650,-2.25,15631
CBBL,2017-04-11,1632,1688,1580,1670,5.5,21180
CBBL,2017-04-10,1505,1640,1480,1605,5.96,23577
CBBL,2017-04-09,1501,1510,1445,1510,2.58,7800
CBBL,2017-04-06,1500,1515,1470,1472,-1.87,9720
CBBL,2017-04-04,1508,1515,1450,1500,-0.53,6424
CBBL,2017-04-03,1540,1600,1489,1508,-1.11,23054
CBBL,2017-04-02,1417,1525,1417,1525,9.71,9477
CBBL,2017-03-30,1410,1430,1340,1390,-1.42,5173
CBBL,2017-03-29,1446,1500,1410,1410,-2.49,13324
CBBL,2017-03-28,1323,1446,1325,1446,9.3,7144
CBBL,2017-03-26,1270,1368,1270,1323,4.17,5849
CBBL,2017-03-23,1294,1309,1250,1270,0.08,4820
CBBL,2017-03-22,1256,1355,1250,1269,3,15504
CBBL,2017-03-21,1120,1232,1080,1232,10,5910
CBBL,2017-03-20,1040,1120,1040,1120,8.95,2663
CBBL,2017-03-19,995,1028,1000,1028,3.32,1538
CBBL,2017-03-16,980,999,980,996,-0.5,295
CBBL,2017-03-15,1019,1019,999,1000,-0.99,1250
CBBL,2017-03-14,1018,1018,990,1010,1.1,1710
CBBL,2017-03-13,1000,1000,986,999,0.91,497
CBBL,2017-03-09,981,1005,981,990,1.02,577
CBBL,2017-03-07,980,1020,980,980,-2,2405
CBBL,2017-03-06,1010,1045,1000,1000,-1.96,1375
CBBL,2017-03-05,1000,1020,990,1020,2,548
CBBL,2017-03-02,1000,1004,980,1000,0.91,1430
CBBL,2017-03-01,952,991,930,991,5.99,961
CBBL,2017-02-28,945,950,918,935,-2.7,2128
CBBL,2017-02-23,985,1000,961,962,-3.8,675
CBBL,2017-02-22,980,1009,980,999,-0.1,1165
CBBL,2017-02-21,1018,1045,990,1000,0.1,3779
CBBL,2017-02-20,1080,1101,1018,1018,-3.96,3355
CBBL,2017-02-19,1017,1060,1000,1060,5.47,1779
CBBL,2017-02-16,990,1002,982,1002,1.01,1936
CBBL,2017-02-15,938,994,920,990,7.61,1796
CBBL,2017-02-14,926,926,900,920,1.32,720
CBBL,2017-02-13,874,908,874,908,1.91,270
CBBL,2017-02-12,915,919,890,891,-2.52,2843
CBBL,2017-02-09,914,958,914,914,-1.93,2040
CBBL,2017-02-08,965,965,932,932,-3.42,2301
CBBL,2017-02-07,975,980,955,965,-0.51,1120
CBBL,2017-02-06,955,970,941,970,-0.31,874
CBBL,2017-02-05,990,990,970,973,-1.72,1020
CBBL,2017-02-02,964,1010,945,990,4.65,5722
CBBL,2017-02-01,875,946,875,946,10,690
CBBL,2017-01-31,895,912,829,860,-3.91,2950
CBBL,2017-01-30,975,975,895,895,-7.83,1790
CBBL,2017-01-26,982,1001,962,971,-0.92,1964
CBBL,2017-01-25,983,1000,980,980,-2.2,2015
CBBL,2017-01-24,1042,1042,1002,1002,-3.65,880
CBBL,2017-01-23,1040,1040,1031,1040,-0.1,299
CBBL,2017-01-22,1061,1061,1041,1050,-3.79,1725
CBBL,2017-01-19,1090,1090,1061,1082,0.19,508
CBBL,2017-01-18,1080,1100,1080,1080,0.37,350
CBBL,2017-01-17,1100,1100,1076,1077,-2.62,2286
CBBL,2017-01-16,1120,1125,1105,1105,-3.07,320
CBBL,2017-01-15,1140,1140,1140,1140,0,50
CBBL,2017-01-12,1148,1148,1118,1140,0,2501
CBBL,2017-01-11,1155,1155,1140,1140,-0.87,560
CBBL,2017-01-10,1160,1165,1137,1150,0.79,1292
CBBL,2017-01-09,1130,1150,1130,1141,1.87,954
CBBL,2017-01-08,1101,1120,1101,1120,0.45,350
CBBL,2017-01-05,1115,1115,1111,1115,-0.89,715
CBBL,2017-01-04,1125,1125,1125,1125,0,442
CBBL,2017-01-03,1138,1138,1125,1125,-2.93,1780
CBBL,2017-01-02,1158,1170,1135,1159,2.02,2166
CBBL,2017-01-01,1100,1166,1100,1136,5.19,2236
CBBL,2016-12-29,1066,1090,1055,1080,3.25,1599
CBBL,2016-12-28,1006,1050,1006,1046,1.95,1003
CBBL,2016-12-27,1050,1055,1026,1026,-4.11,1449
CBBL,2016-12-26,1098,1098,1061,1070,-4.46,1093
CBBL,2016-12-22,1145,1164,1120,1120,-1.93,1180
CBBL,2016-12-21,1149,1150,1140,1142,0.18,330
CBBL,2016-12-20,1150,1152,1132,1140,-0.87,300
CBBL,2016-12-19,1146,1169,1150,1150,-0.86,550
CBBL,2016-12-18,1200,1200,1160,1160,-3.33,3128
CBBL,2016-12-15,1150,1200,1150,1200,2.56,2387
CBBL,2016-12-14,1180,1180,1168,1170,-0.85,1973
CBBL,2016-12-12,1180,1180,1157,1180,-1.67,1037
CBBL,2016-12-11,1254,1250,1195,1200,-4.31,3320
CBBL,2016-12-08,1750,1760,1716,1755,0.23,18701
CBBL,2016-12-07,1805,1805,1750,1751,-1.07,5324
CBBL,2016-12-06,1790,1790,1755,1770,0.85,2789
CBBL,2016-12-05,1825,1825,1746,1755,-1.96,2583
CBBL,2016-12-04,1790,1825,1730,1790,1.13,7558
CBBL,2016-12-01,1839,1840,1721,1770,-2.53,4721
CBBL,2016-11-30,1799,1816,1725,1816,2.6,6741
CBBL,2016-11-29,1636,1770,1625,1770,6.05,5227
CBBL,2016-11-28,1536,1723,1411,1669,6.51,7666
CBBL,2016-11-27,1706,1706,1566,1567,-9.94,6654
CBBL,2016-11-24,1830,1866,1720,1740,-3.06,3779
CBBL,2016-11-23,1850,1850,1785,1795,-2.39,2768
CBBL,2016-11-22,1870,1871,1839,1839,-0.59,2132
CBBL,2016-11-21,1850,1924,1814,1850,-1.18,4706
CBBL,2016-11-20,1928,1928,1801,1872,-4.83,8416
CBBL,2016-11-17,2005,2019,1950,1967,-2.38,2476
CBBL,2016-11-16,2000,2040,2000,2015,-0.54,2401
CBBL,2016-11-15,2011,2050,2011,2026,-1.17,2004
CBBL,2016-11-14,2055,2055,2016,2050,0,2202
CBBL,2016-11-13,2050,2099,2031,2050,0.49,798
CBBL,2016-11-10,2050,2055,2020,2040,0.99,2807
CBBL,2016-11-09,2060,2060,1985,2020,-1.94,6641
CBBL,2016-11-08,2110,2110,2050,2060,-2.23,6490
CBBL,2016-11-07,2100,2155,2098,2108,0.14,9194
CBBL,2016-11-03,1999,2115,1999,2104,7.35,26916
CBBL,2016-10-27,1887,1960,1885,1960,5.95,6363
CBBL,2016-10-26,1846,1850,1846,1850,-0.38,200
CBBL,2016-10-25,1920,1920,1850,1857,-1.49,3185
CBBL,2016-10-24,1899,1899,1870,1885,0.27,1502
CBBL,2016-10-23,1900,1920,1880,1880,-0.79,549
CBBL,2016-10-20,1865,1900,1865,1900,-0.26,3127
CBBL,2016-10-19,1907,1907,1900,1900,1.6,1150
CBBL,2016-10-18,1890,1895,1861,1870,-0.05,1223
CBBL,2016-10-17,1880,1880,1871,1871,-0.58,139
CBBL,2016-10-16,1925,1925,1850,1882,-3.44,2554
CBBL,2016-10-06,1900,1950,1885,1949,4.22,1078
CBBL,2016-10-05,1855,1871,1851,1870,1.08,582
CBBL,2016-10-04,1885,1885,1840,1850,-1.86,3863
CBBL,2016-10-03,1890,1899,1880,1885,0.59,2228
CBBL,2016-10-02,1900,1900,1865,1874,-0.85,2764
CBBL,2016-09-29,1975,1975,1870,1891,-4.3,6086
CBBL,2016-09-28,1988,2000,1970,1975,-2.61,1698
CBBL,2016-09-27,2047,2080,2007,2028,4,1448
CBBL,2016-09-26,1845,1970,1840,1950,3.94,1995
CBBL,2016-09-25,2032,2050,2010,2010,-2.43,2628
CBBL,2016-09-22,2032,2050,2010,2010,-2.43,2628
CBBL,2016-09-21,2035,2060,2002,2060,0.98,2815
CBBL,2016-09-20,2040,2050,2035,2040,0,2432
CBBL,2016-09-18,2070,2070,2026,2040,-2.86,2637
CBBL,2016-09-14,2090,2140,2090,2100,-1.18,3198
CBBL,2016-09-12,2139,2145,2105,2125,1.29,2521
CBBL,2016-09-11,2060,2110,2050,2098,1.11,7946
CBBL,2016-09-08,2050,2101,2050,2075,-0.24,1758
CBBL,2016-09-07,2100,2100,2080,2080,0.19,2159
CBBL,2016-09-06,2090,2120,2050,2076,-0.24,4813
CBBL,2016-09-05,2090,2120,2081,2081,0.05,3312
CBBL,2016-09-04,2060,2090,2049,2080,-0.48,7537
CBBL,2016-09-01,2051,2090,2050,2090,0,830
CBBL,2016-08-31,2101,2101,2090,2090,-1.42,1260
CBBL,2016-08-30,2100,2120,2097,2120,0.95,1715
CBBL,2016-08-29,2050,2100,2020,2100,2.44,2922
CBBL,2016-08-28,2030,2055,2020,2050,0.49,1784
CBBL,2016-08-24,1920,2040,1920,2040,5.7,3058
CBBL,2016-08-23,1931,1990,1930,1930,-2.03,4020
CBBL,2016-08-22,1995,1995,1960,1970,-2.52,354
CBBL,2016-08-21,2071,2071,2019,2021,-3.26,1252
CBBL,2016-08-17,2030,2089,2030,2089,2.91,750
CBBL,2016-08-16,2020,2030,2000,2030,1.5,808
CBBL,2016-08-15,2010,2010,1952,2000,-2.44,3036
CBBL,2016-08-14,2100,2100,2030,2050,-3.03,2341
CBBL,2016-08-11,2100,2120,2058,2114,1.29,5784
CBBL,2016-08-10,2140,2142,2050,2087,-1.37,4248
CBBL,2016-08-09,2035,2116,2035,2116,6.01,30
CBBL,2016-08-08,2100,2070,1996,1996,-4.95,1655
CBBL,2016-08-07,2091,2258,2070,2100,0.43,3196
CBBL,2016-08-04,2180,2140,2050,2091,-4.08,4854
CBBL,2016-08-03,2180,2195,2150,2180,0,2248
CBBL,2016-08-02,2250,2220,2180,2180,-3.11,2165
CBBL,2016-08-01,2269,2260,2180,2250,-0.84,8966
CBBL,2016-07-31,2230,2300,2250,2269,1.75,4688
CBBL,2016-07-28,2210,2300,2205,2230,0.9,3209
CBBL,2016-07-27,2270,2315,2210,2210,-2.64,2212
CBBL,2016-07-26,2180,2270,2170,2270,4.13,3323
CBBL,2016-07-25,2100,2184,2110,2180,3.81,5323
CBBL,2016-07-21,2005,2100,2000,2100,4.74,7757
CBBL,2016-07-20,2051,2070,2000,2005,-1.47,4108
CBBL,2016-07-19,2000,2120,2000,2035,1.75,6698
CBBL,2016-07-18,2061,2035,1855,2000,-2.96,20355
CBBL,2016-07-17,2290,2245,2061,2061,-10,130
CBBL,2016-07-14,2250,2340,2250,2290,2.23,10129
CBBL,2016-07-13,2270,2274,2205,2240,-1.32,5207
CBBL,2016-07-12,2303,2300,2160,2270,-1.43,7375
CBBL,2016-07-11,2420,2417,2303,2303,-4.83,2332
CBBL,2016-07-10,2379,2480,2407,2420,1.72,7311
CBBL,2016-07-06,2430,2430,2370,2379,-2.1,4532
CBBL,2016-07-05,2441,2450,2400,2430,-2.41,5672
CBBL,2016-07-04,2585,2688,2490,2490,-3.68,13158
CBBL,2016-07-03,2370,2600,2382,2585,9.07,21254
CBBL,2016-06-30,2281,2370,2254,2370,3.9,13730
CBBL,2016-06-29,2245,2300,2221,2281,1.6,9975
CBBL,2016-06-28,2210,2245,2225,2245,1.58,1150
CBBL,2016-06-27,2200,2230,2210,2210,0.45,3799
CBBL,2016-06-26,2197,2240,2198,2200,0.14,3945
CBBL,2016-06-23,2200,2288,2191,2197,-0.14,4617
CBBL,2016-06-22,2220,2240,2190,2200,0,6688
CBBL,2016-06-21,2170,2201,2170,2200,1.38,3106
CBBL,2016-06-20,2180,2170,2150,2170,-0.46,1700
CBBL,2016-06-19,2235,2229,2150,2180,-2.46,7461
CBBL,2016-06-16,2230,2270,2200,2235,0.22,4850
CBBL,2016-06-15,2285,2299,2190,2230,-0.67,6154
CBBL,2016-06-14,2211,2329,2211,2245,1.81,15227
CBBL,2016-06-13,2100,2267,2100,2205,5,18104
CBBL,2016-06-12,2100,2130,2090,2100,0,4258
CBBL,2016-06-09,2020,2100,2020,2100,3.45,2001
CBBL,2016-06-08,2030,2050,2022,2030,0,2301
CBBL,2016-06-07,2025,2065,2025,2030,0.25,1872
CBBL,2016-06-06,1985,2065,2000,2025,2.02,3260
CBBL,2016-06-05,2060,2050,1960,1985,-3.64,3448
CBBL,2016-06-02,2090,2090,2049,2060,-1.44,2895
CBBL,2016-06-01,2100,2140,2090,2090,-0.48,3133
CBBL,2016-05-31,2130,2130,2100,2100,-1.41,4216
CBBL,2016-05-30,2155,2155,2115,2130,-1.16,2968
CBBL,2016-05-29,2150,2160,2150,2155,0.23,2260
CBBL,2016-05-26,2125,2155,2070,2150,1.18,11233
CBBL,2016-05-25,2095,2203,2054,2125,1.43,14114
CBBL,2016-05-24,2000,2095,1980,2095,4.75,21590
CBBL,2016-05-23,1999,2020,1965,2000,0.05,6591
CBBL,2016-05-22,1980,2001,1990,1999,0.96,6382
CBBL,2016-05-19,1975,1990,1961,1980,0.25,5195
CBBL,2016-05-18,1970,1990,1936,1975,0.25,4849
CBBL,2016-05-17,1911,1980,1911,1970,1.44,4991
CBBL,2016-05-16,1950,1949,1911,1942,-0.41,4964
CBBL,2016-05-15,1965,1965,1938,1950,-1.27,3990
CBBL,2016-05-12,1999,2000,1970,1980,-0.45,2795
CBBL,2016-05-11,1980,1989,1935,1989,0.45,1959
CBBL,2016-05-10,2000,2000,1980,1980,-0.5,4318
CBBL,2016-05-09,1956,1990,1956,1990,2.31,5329
CBBL,2016-05-08,1990,1980,1940,1945,-2.26,7510
CBBL,2016-05-05,2000,1999,1982,1990,-0.5,5701
CBBL,2016-05-04,1996,2007,1970,2000,0.2,14521
CBBL,2016-05-03,2000,2060,1970,1996,-0.2,18596
CBBL,2016-05-02,2058,2050,1990,2000,-2.82,7594
CBBL,2016-04-28,2000,2070,1990,2058,2.9,17226
CBBL,2016-04-27,1915,2000,1915,2000,4.44,10712
CBBL,2016-04-26,1905,1935,1840,1915,0.52,9571
CBBL,2016-04-25,1881,1910,1892,1905,1.28,9940
CBBL,2016-04-24,1899,1900,1881,1881,-0.95,3573
CBBL,2016-04-21,1890,1927,1870,1899,0.48,9276
CBBL,2016-04-20,1890,1896,1886,1890,0,2753
CBBL,2016-04-19,1905,1981,1883,1890,-0.79,4808
CBBL,2016-04-18,1835,1915,1835,1905,3.81,5251
CBBL,2016-04-17,1820,1835,1816,1835,0.82,650
CBBL,2016-04-14,1810,1820,1820,1820,0.55,500
CBBL,2016-04-12,1809,1810,1790,1810,0.06,3314
CBBL,2016-04-11,1823,1810,1800,1809,-0.77,1003
CBBL,2016-04-10,1826,1849,1815,1823,-0.16,2502
CBBL,2016-04-06,1819,1855,1826,1826,0.38,1591
CBBL,2016-04-05,1830,1830,1805,1819,-0.05,2147
CBBL,2016-04-04,1802,1825,1799,1820,1,4025
CBBL,2016-04-03,1820,1805,1765,1802,-0.99,2339
CBBL,2016-03-31,1815,1830,1807,1820,0.28,2143
CBBL,2016-03-30,1827,1849,1815,1815,-0.66,2049
CBBL,2016-03-29,1815,1830,1815,1827,-0.16,2092
CBBL,2016-03-28,1830,1840,1826,1830,0,1608
CBBL,2016-03-27,1821,1830,1815,1830,0.49,1079
CBBL,2016-03-24,1822,1840,1815,1821,-0.05,1900
CBBL,2016-03-23,1825,1832,1812,1822,-0.71,4101
CBBL,2016-03-21,1855,1860,1835,1835,-1.34,1224
CBBL,2016-03-20,1885,1890,1860,1860,-1.06,862
CBBL,2016-03-17,1861,1885,1861,1880,0.05,1801
CBBL,2016-03-16,1850,1890,1850,1879,0.48,1974
CBBL,2016-03-15,1905,1905,1870,1870,-1.58,1469
CBBL,2016-03-14,1910,1910,1900,1900,-0.52,220
CBBL,2016-03-13,1911,1920,1910,1910,-2,2816
CBBL,2016-03-10,1958,1958,1900,1949,1.51,5967
CBBL,2016-03-06,1900,1940,1900,1920,0.79,5314
CBBL,2016-03-03,1899,1940,1899,1905,2.31,9472
CBBL,2016-03-02,1935,1935,1862,1862,-2.77,3349
CBBL,2016-03-01,1890,1930,1890,1915,2.13,8274
CBBL,2016-02-29,1785,1963,1820,1875,5.04,10206
CBBL,2016-02-28,1850,1850,1785,1785,-3.51,2126
CBBL,2016-02-25,1825,1865,1825,1850,0.82,3085
CBBL,2016-02-24,1825,1850,1825,1835,-1.08,1152
CBBL,2016-02-23,1892,1860,1855,1855,-1.96,1100
CBBL,2016-02-22,1850,1892,1813,1892,0.26,3631
CBBL,2016-02-21,1830,1887,1830,1887,2,3890
CBBL,2016-02-18,1865,1865,1840,1850,-0.8,868
CBBL,2016-02-17,1850,1865,1850,1865,0.81,2618
CBBL,2016-02-16,1840,1850,1849,1850,0.54,1240
CBBL,2016-02-15,1850,1850,1825,1840,-1.23,2005
CBBL,2016-02-14,1880,1900,1862,1863,-0.8,2046
CBBL,2016-02-11,1900,1880,1850,1878,-1.16,2371
CBBL,2016-02-08,1910,1930,1890,1900,-0.52,3766
CBBL,2016-02-07,1985,1999,1900,1910,-3.78,2380
CBBL,2016-02-04,2000,2050,1980,1985,1.02,8768
CBBL,2016-02-03,1890,2019,1910,1965,3.97,10905
CBBL,2016-02-02,1890,1900,1853,1890,0.8,1712
CBBL,2016-02-01,1824,1875,1805,1875,2.8,3844
CBBL,2016-01-31,1769,1824,1760,1824,1.05,5300
CBBL,2016-01-28,1765,1805,1745,1800,2.21,2725
CBBL,2016-01-27,1785,1780,1761,1766,-1.06,562
CBBL,2016-01-26,1805,1795,1769,1785,-1.11,850
CBBL,2016-01-25,1848,1850,1750,1805,-2.33,3387
CBBL,2016-01-24,1749,1850,1749,1848,5.66,1824
CBBL,2016-01-20,1745,1750,1740,1749,0.23,620
CBBL,2016-01-19,1760,1761,1745,1745,-0.51,1074
CBBL,2016-01-18,1725,1754,1720,1754,0.86,2644
CBBL,2016-01-17,1720,1748,1720,1731,0.58,1300
CBBL,2016-01-14,1760,1760,1721,1721,-1.09,649
CBBL,2016-01-13,1714,1750,1720,1740,1.52,930
CBBL,2016-01-12,1690,1714,1690,1714,2.63,1753
CBBL,2016-01-11,1630,1670,1630,1670,2.45,1904
CBBL,2016-01-10,1664,1650,1625,1630,-2.04,442
CBBL,2016-01-07,1627,1664,1601,1660,0.24,806
CBBL,2016-01-06,1650,1660,1630,1660,-1.37,797
CBBL,2016-01-05,1650,1683,1650,1683,0.18,417
CBBL,2016-01-04,1755,1775,1680,1680,-4.27,2320
CBBL,2016-01-03,1675,1755,1651,1750,6.36,3148
CBBL,2015-12-31,1650,1654,1620,1650,1.73,920
CBBL,2015-12-29,1532,1622,1520,1622,5.87,1789
CBBL,2015-12-28,1555,1590,1532,1532,-1.48,1126
CBBL,2015-12-25,1550,1558,1550,1555,1.3,265
CBBL,2015-12-24,1559,1559,1535,1535,0.39,599
CBBL,2015-12-23,1514,1529,1500,1529,0.99,369
CBBL,2015-12-22,1490,1519,1489,1514,3.63,190
CBBL,2015-12-21,1490,1461,1461,1461,-1.95,200
CBBL,2015-12-20,1491,1490,1470,1490,-0.07,1018
CBBL,2015-12-17,1491,1491,1490,1491,0.07,304
CBBL,2015-12-16,1500,1500,1489,1490,-1.97,310
CBBL,2015-12-15,1530,1530,1520,1520,0,110
CBBL,2015-12-14,1545,1595,1515,1520,0.33,1143
CBBL,2015-12-13,1490,1550,1490,1515,3.7,3304
CBBL,2015-12-10,2050,2110,1990,2046,0.59,14771
CBBL,2015-12-09,1953,2050,1953,2034,6.21,15539
CBBL,2015-12-08,1910,1930,1903,1915,0.79,5334
CBBL,2015-12-07,1840,1900,1840,1900,4.68,7620
CBBL,2015-12-04,1728,1818,1728,1815,7.08,5177
CBBL,2015-12-03,1590,1695,1585,1695,5.28,1697
CBBL,2015-12-02,1625,1625,1580,1610,-0.56,3160
CBBL,2015-12-01,1528,1621,1545,1619,5.96,3805
CBBL,2015-11-30,1525,1555,1511,1528,1.6,3294
CBBL,2015-11-29,1579,1604,1504,1504,-6.64,4867
CBBL,2015-11-26,1615,1615,1540,1611,-1.17,5309
CBBL,2015-11-25,1635,1650,1627,1630,-1.81,1249
CBBL,2015-11-24,1650,1660,1630,1660,0,1204
CBBL,2015-11-23,1690,1690,1630,1660,-2.24,1129
CBBL,2015-11-22,1700,1700,1661,1698,-1.28,1248
CBBL,2015-11-19,1700,1720,1700,1720,0.29,3559
CBBL,2015-11-18,1665,1715,1665,1715,1.48,1614
CBBL,2015-11-16,1674,1700,1673,1690,-1,1045
CBBL,2015-11-15,1725,1725,1697,1707,-1.33,214
CBBL,2015-11-10,1710,1730,1710,1730,0.29,553
CBBL,2015-11-09,1723,1749,1716,1725,2.07,2115
CBBL,2015-11-08,1715,1720,1690,1690,0,1767
CBBL,2015-11-05,1665,1698,1664,1690,1.81,797
CBBL,2015-11-04,1647,1660,1647,1660,-1.19,388
CBBL,2015-11-03,1680,1680,1680,1680,0,780
CBBL,2015-11-02,1625,1683,1625,1680,2.75,320
CBBL,2015-11-01,1670,1670,1635,1635,-2.39,677
CBBL,2015-10-29,1678,1680,1666,1675,1.33,508
CBBL,2015-10-28,1653,1653,1653,1653,-1.96,200
CBBL,2015-10-27,1730,1730,1667,1686,-2.82,483
CBBL,2015-10-25,1735,1735,1735,1735,-1.42,71
CBBL,2015-10-19,1683,1760,1683,1760,6.67,569
CBBL,2015-10-18,1632,1650,1632,1650,-0.9,390
CBBL,2015-10-15,1700,1700,1665,1665,-2.35,789
CBBL,2015-10-14,1705,1715,1705,1705,-1.73,746
CBBL,2015-10-11,1790,1790,1735,1735,-3.56,507
CBBL,2015-10-08,1800,1800,1771,1799,1.07,441
CBBL,2015-10-07,1790,1790,1760,1780,-0.28,2210
CBBL,2015-10-06,1907,1935,1785,1785,-4.54,2239
CBBL,2015-10-05,1700,1870,1700,1870,10,5304
CBBL,2015-10-04,1712,1712,1700,1700,0,3225
CBBL,2015-10-01,1710,1720,1700,1700,-1.16,1550
CBBL,2015-09-30,1690,1723,1690,1720,2.99,5339
CBBL,2015-09-29,1630,1670,1610,1670,4.31,3092
CBBL,2015-09-28,1568,1611,1560,1601,0.06,5526
CBBL,2015-09-24,1605,1610,1600,1600,-0.62,596
CBBL,2015-09-23,1586,1610,1571,1610,3.54,995
CBBL,2015-09-22,1630,1630,1525,1555,-4.31,1216
CBBL,2015-09-17,1610,1625,1590,1625,0.93,5235
CBBL,2015-09-16,1601,1610,1600,1610,0.62,1079
CBBL,2015-09-15,1570,1605,1570,1600,1.91,868
CBBL,2015-09-14,1610,1620,1570,1570,-1.75,2081
CBBL,2015-09-13,1590,1600,1590,1598,0.13,633
CBBL,2015-09-10,1626,1626,1595,1596,-1.84,380
CBBL,2015-09-09,1655,1655,1605,1626,0,1264
CBBL,2015-09-08,1566,1626,1565,1626,1.94,964
CBBL,2015-09-07,1570,1600,1570,1595,1.27,2085
CBBL,2015-09-06,1600,1600,1575,1575,-1.25,547
CBBL,2015-09-03,1595,1595,1595,1595,0.12,579
CBBL,2015-09-02,1593,1593,1593,1593,-1.97,200
CBBL,2015-09-01,1652,1625,1624,1625,-1.63,432
CBBL,2015-08-31,1575,1652,1575,1652,4.56,2087
CBBL,2015-08-27,1530,1580,1530,1580,2.6,540
CBBL,2015-08-26,1535,1540,1521,1535,1.32,1529
CBBL,2015-08-25,1520,1530,1510,1520,1.33,1165
CBBL,2015-08-24,1526,1526,1500,1500,-1.96,1609
CBBL,2015-08-23,1540,1540,1515,1530,-2.24,627
CBBL,2015-08-20,1570,1580,1540,1565,1.62,1438
CBBL,2015-08-19,1581,1594,1540,1540,-0.65,911
CBBL,2015-08-17,1565,1565,1550,1550,-1.59,305
CBBL,2015-08-16,1600,1600,1575,1575,-1.56,355
CBBL,2015-08-13,1620,1650,1580,1600,-0.93,2972
CBBL,2015-08-12,1635,1635,1615,1615,-1.82,1086
CBBL,2015-08-11,1595,1754,1625,1645,3.13,4844
CBBL,2015-08-10,1450,1595,1479,1595,10,3999
CBBL,2015-08-09,1425,1461,1430,1450,1.75,2416
CBBL,2015-08-06,1425,1426,1425,1425,0,640
CBBL,2015-08-05,1425,1425,1415,1425,0,464
CBBL,2015-08-04,1406,1425,1395,1425,1.35,3094
CBBL,2015-08-03,1410,1410,1405,1406,-0.28,565
CBBL,2015-08-02,1440,1435,1410,1410,-2.08,2478
CBBL,2015-07-30,1421,1480,1440,1445,1.34,5122
CBBL,2015-07-29,1470,1455,1421,1421,-3.33,531
CBBL,2015-07-28,1525,1495,1466,1470,-3.61,255
CBBL,2015-07-27,1530,1560,1525,1525,-0.33,1243
CBBL,2015-07-26,1500,1530,1500,1530,2,1296
CBBL,2015-07-23,1452,1510,1481,1500,3.31,1039
CBBL,2015-07-22,1415,1452,1415,1452,3.86,1790
CBBL,2015-07-16,1420,1476,1390,1398,-1.55,2061
CBBL,2015-07-15,1291,1420,1316,1420,9.99,652
CBBL,2015-07-14,1820,1887,1799,1887,3.68,12438
CBBL,2015-07-13,1875,1881,1820,1820,-2.57,2642
CBBL,2015-07-12,1814,1870,1810,1868,3.72,7669
CBBL,2015-07-09,1800,1830,1790,1801,0.5,4287
CBBL,2015-07-08,1795,1795,1765,1792,1.82,3972
CBBL,2015-07-07,1760,1770,1730,1760,0,3162
CBBL,2015-07-06,1720,1760,1720,1760,1.97,1084
CBBL,2015-07-05,1710,1730,1710,1726,0.64,996
CBBL,2015-07-02,1690,1715,1690,1715,2.69,4186
CBBL,2015-07-01,1660,1670,1645,1670,0.18,2451
CBBL,2015-06-30,1645,1667,1635,1667,0.36,2171
CBBL,2015-06-29,1693,1693,1661,1661,0.06,852
CBBL,2015-06-28,1645,1665,1645,1660,1.22,4139
CBBL,2015-06-25,1657,1660,1640,1640,-0.91,1469
CBBL,2015-06-24,1660,1660,1655,1655,-0.3,376
CBBL,2015-06-23,1660,1671,1651,1660,0.61,896
CBBL,2015-06-22,1646,1660,1646,1650,-0.6,1858
CBBL,2015-06-21,1679,1670,1660,1660,-1.13,1559
CBBL,2015-06-18,1655,1679,1648,1679,1.45,1188
CBBL,2015-06-17,1670,1670,1646,1655,-0.9,1287
CBBL,2015-06-16,1662,1700,1666,1670,0.48,736
CBBL,2015-06-15,1618,1662,1625,1662,2.72,1148
CBBL,2015-06-14,1597,1630,1596,1618,1.31,3081
CBBL,2015-06-11,1575,1598,1565,1597,1.4,4536
CBBL,2015-06-10,1550,1580,1550,1575,1.61,1321
CBBL,2015-06-09,1545,1605,1550,1550,0.32,3676
CBBL,2015-06-08,1504,1550,1504,1545,2.73,1586
CBBL,2015-06-07,1465,1504,1460,1504,2.66,1849
CBBL,2015-06-04,1500,1510,1465,1465,-2.33,1000
CBBL,2015-06-03,1440,1505,1446,1500,4.17,2081
CBBL,2015-06-02,1420,1440,1402,1438,1.41,1999
CBBL,2015-06-01,1535,1505,1382,1420,-7.49,1209
CBBL,2015-04-23,1555,1540,1535,1535,-1.29,671
CBBL,2015-04-22,1599,1610,1605,1605,0.38,92
CBBL,2015-04-21,1600,1600,1599,1599,-0.06,299
CBBL,2015-04-20,1600,1600,1600,1600,0,46
CBBL,2015-04-15,1600,1600,1600,1600,0,116
CBBL,2015-04-13,1605,1614,1600,1600,-0.31,579
CBBL,2015-04-12,1600,1610,1590,1605,0.31,1139
CBBL,2015-04-09,1583,1610,1583,1600,1.07,501
CBBL,2015-04-08,1580,1611,1583,1583,0.19,953
CBBL,2015-04-05,1600,1600,1580,1580,-1.25,589
CBBL,2015-04-02,1572,1600,1570,1600,1.78,945
CBBL,2015-04-01,1610,1600,1572,1572,-2.36,557
CBBL,2015-03-31,1560,1610,1590,1610,3.21,285
CBBL,2015-03-30,1560,1590,1560,1560,0,744
CBBL,2015-03-26,1560,1570,1560,1560,0,333
CBBL,2015-03-25,1565,1560,1535,1560,-0.32,1518
CBBL,2015-03-24,1581,1581,1550,1565,-1.01,1268
CBBL,2015-03-23,1600,1602,1576,1581,-1.19,932
CBBL,2015-03-22,1650,1685,1600,1600,-3.03,1148
CBBL,2015-03-19,1635,1650,1650,1650,0.92,201
CBBL,2015-03-18,1650,1645,1630,1635,-0.91,415
CBBL,2015-03-17,1590,1650,1621,1650,3.77,176
CBBL,2015-03-16,1670,1660,1590,1590,-4.79,1413
CBBL,2015-03-15,1686,1685,1670,1670,-0.95,356
CBBL,2015-03-12,1685,1708,1685,1686,0.06,1560
CBBL,2015-03-11,1675,1698,1685,1685,0.6,1222
CBBL,2015-03-10,1676,1675,1660,1675,-0.06,1268
CBBL,2015-03-09,1650,1685,1665,1676,1.58,376
CBBL,2015-03-04,1630,1690,1640,1650,1.23,573
CBBL,2015-03-03,1698,1665,1630,1630,-4,1165
CBBL,2015-03-02,1645,1698,1635,1698,3.22,1553
CBBL,2015-03-01,1605,1645,1635,1645,2.49,4135
CBBL,2015-02-25,1552,1555,1538,1551,-0.06,688
CBBL,2015-02-24,1545,1561,1520,1552,0.45,1813
CBBL,2015-02-23,1559,1565,1498,1545,-0.9,1939
CBBL,2015-02-22,1620,1610,1559,1559,-3.77,1460
CBBL,2015-02-19,1653,1712,1620,1620,-2,2341
CBBL,2015-02-16,1590,1653,1621,1653,3.96,356
CBBL,2015-02-15,1580,1620,1590,1590,0.63,3368
CBBL,2015-02-12,1561,1605,1580,1580,1.22,1278
CBBL,2015-02-11,1488,1591,1500,1561,4.91,2117
CBBL,2015-02-10,1477,1505,1477,1488,0.74,1230
CBBL,2015-02-09,1430,1500,1458,1477,3.29,2874
CBBL,2015-02-08,1430,1435,1425,1430,0,1204
CBBL,2015-02-05,1405,1435,1420,1430,1.78,1717
CBBL,2015-02-04,1400,1410,1400,1405,0.36,2539
CBBL,2015-02-02,1416,1407,1400,1400,-1.13,998
CBBL,2015-02-01,1405,1430,1416,1416,0.78,186
CBBL,2015-01-28,1400,1405,1400,1405,0.36,540
CBBL,2015-01-27,1405,1405,1400,1400,-0.36,300
CBBL,2015-01-26,1402,1405,1400,1405,0.21,80
CBBL,2015-01-25,1430,1402,1402,1402,-1.96,168
CBBL,2015-01-20,1458,1455,1430,1430,-1.92,516
CBBL,2015-01-19,1429,1487,1429,1458,2.03,772
CBBL,2015-01-14,1390,1429,1375,1429,2.81,632
CBBL,2015-01-13,1397,1395,1390,1390,-0.5,600
CBBL,2015-01-12,1405,1397,1370,1397,-0.57,318
CBBL,2015-01-11,1425,1405,1405,1405,-1.4,280
CBBL,2015-01-08,1404,1430,1420,1425,1.5,825
CBBL,2015-01-07,1350,1404,1377,1404,4,86
CBBL,2015-01-05,1366,1393,1350,1350,-1.17,458
CBBL,2015-01-04,1290,1366,1315,1366,5.89,1930
CBBL,2015-01-01,1274,1305,1275,1290,1.26,2019
CBBL,2014-12-31,1278,1278,1270,1274,-0.31,792
CBBL,2014-12-29,1244,1293,1255,1278,2.73,1424
CBBL,2014-12-28,1195,1244,1200,1244,4.1,682
CBBL,2014-12-24,1176,1195,1180,1195,1.62,200
CBBL,2014-12-22,1192,1196,1176,1176,-1.34,463
CBBL,2014-12-21,1091,1192,1112,1192,9.26,1867
CBBL,2014-12-17,1070,1091,1091,1091,1.96,52
CBBL,2014-12-15,1089,1070,1070,1070,-1.74,50
CBBL,2014-12-11,1111,1089,1089,1089,-1.98,218
CBBL,2014-12-03,1105,1111,1111,1111,0.54,95
CBBL,2014-12-01,1127,1105,1105,1105,-1.95,125
CBBL,2014-11-30,1150,1127,1127,1127,-2,500
CBBL,2014-11-25,1142,1150,1150,1150,0.7,24
CBBL,2014-11-24,1164,1142,1142,1142,-1.89,84
CBBL,2014-11-20,1585,1599,1545,1572,-0.82,5004
CBBL,2014-11-19,1552,1595,1553,1585,2.13,4979
CBBL,2014-11-18,1550,1565,1527,1552,0.13,2869
CBBL,2014-11-17,1595,1610,1550,1550,-2.82,2874
CBBL,2014-11-16,1550,1605,1560,1595,2.9,3074
CBBL,2014-11-13,1500,1550,1505,1550,3.33,1024
CBBL,2014-11-12,1485,1530,1500,1500,1.01,882
CBBL,2014-11-11,1499,1500,1470,1485,-0.93,656
CBBL,2014-11-09,1500,1500,1470,1499,-0.07,1812
CBBL,2014-11-06,1530,1505,1500,1500,-1.96,392
CBBL,2014-11-05,1520,1530,1500,1530,0.66,775
CBBL,2014-11-04,1540,1520,1520,1520,-1.3,31
CBBL,2014-11-03,1560,1540,1540,1540,-1.28,10
CBBL,2014-11-02,1560,1560,1550,1560,0,620
CBBL,2014-10-30,1535,1560,1560,1560,1.63,231
CBBL,2014-10-28,1505,1535,1535,1535,1.99,71
CBBL,2014-10-22,1515,1526,1505,1505,-0.66,1882
CBBL,2014-10-21,1530,1515,1505,1515,-0.98,579
CBBL,2014-10-20,1511,1530,1500,1530,1.26,1409
CBBL,2014-10-19,1480,1511,1490,1511,2.09,361
CBBL,2014-10-16,1481,1480,1480,1480,-0.07,497
CBBL,2014-10-15,1500,1500,1470,1481,-1.27,452
CBBL,2014-10-14,1510,1510,1500,1500,-0.66,1724
CBBL,2014-10-13,1526,1540,1485,1510,-1.05,2204
CBBL,2014-10-12,1526,1526,1526,1526,0,10
CBBL,2014-10-08,1529,1526,1526,1526,-0.2,109
CBBL,2014-09-30,1500,1529,1516,1529,1.93,642
CBBL,2014-09-29,1486,1500,1490,1500,0.94,463
CBBL,2014-09-28,1480,1490,1486,1486,0.41,42
CBBL,2014-09-24,1502,1480,1480,1480,-1.46,32
CBBL,2014-09-23,1445,1502,1465,1502,3.94,293
CBBL,2014-09-22,1474,1450,1445,1445,-1.97,520
CBBL,2014-09-21,1504,1490,1474,1474,-1.99,200
CBBL,2014-09-17,1529,1610,1559,1567,2.49,4286
CBBL,2014-09-16,1479,1568,1508,1529,3.38,1942
CBBL,2014-09-15,1355,1479,1382,1479,9.15,991
CBBL,2014-09-14,1340,1370,1350,1355,1.12,1650
CBBL,2014-09-11,1329,1340,1315,1340,0.83,313
CBBL,2014-09-10,1322,1342,1300,1329,0.53,729
CBBL,2014-09-09,1322,1348,1322,1322,0,309
CBBL,2014-09-04,1347,1347,1322,1322,-1.86,851
CBBL,2014-09-03,1340,1347,1321,1347,0.52,143
CBBL,2014-09-01,1352,1356,1330,1340,-0.89,686
CBBL,2014-08-31,1345,1358,1352,1352,0.52,574
CBBL,2014-08-28,1320,1345,1320,1345,1.89,1845
CBBL,2014-08-27,1285,1320,1290,1320,2.72,946
CBBL,2014-08-26,1300,1335,1280,1285,-1.15,1392
CBBL,2014-08-25,1390,1363,1300,1300,-6.47,597
CBBL,2014-08-24,1421,1455,1390,1390,-2.18,1108
CBBL,2014-08-21,1464,1480,1421,1421,-2.94,1244
CBBL,2014-08-20,1475,1464,1446,1464,-0.75,495
CBBL,2014-08-19,1516,1510,1461,1475,-2.7,1907
CBBL,2014-08-18,1536,1520,1515,1516,-1.3,875
CBBL,2014-08-14,1520,1545,1520,1536,1.05,1816
CBBL,2014-08-13,1550,1520,1520,1520,-1.94,420
CBBL,2014-08-12,1546,1550,1550,1550,0.26,252
CBBL,2014-08-07,1576,1555,1520,1546,-1.9,701
CBBL,2014-08-06,1524,1598,1520,1576,3.41,1448
CBBL,2014-08-05,1452,1524,1475,1524,4.96,5933
CBBL,2014-08-04,1502,1500,1452,1452,-3.33,3001
CBBL,2014-08-03,1560,1540,1501,1502,-3.72,1904
CBBL,2014-07-31,1568,1570,1560,1560,-0.51,1036
CBBL,2014-07-30,1629,1620,1568,1568,-3.74,847
CBBL,2014-07-28,1630,1629,1629,1629,-0.06,193
CBBL,2014-07-27,1628,1630,1620,1630,0.12,510
CBBL,2014-07-24,1625,1636,1610,1628,0.18,1039
CBBL,2014-07-23,1675,1700,1618,1625,-2.99,1878
CBBL,2014-07-22,1692,1692,1670,1675,-1,1716
CBBL,2014-07-21,1628,1740,1660,1692,3.93,3974
CBBL,2014-07-20,1480,1628,1509,1628,10,5321
CBBL,2014-07-17,1463,1585,1480,1480,1.16,12519
CBBL,2014-07-16,1330,1463,1356,1463,10,12996
CBBL,2014-07-15,1350,1340,1316,1330,-1.48,1338
CBBL,2014-07-14,1360,1355,1348,1350,-0.74,560
CBBL,2014-07-13,1274,1375,1275,1360,6.75,2527
CBBL,2014-07-10,1290,1300,1274,1274,-1.24,263
CBBL,2014-07-09,1300,1300,1290,1290,-0.77,167
CBBL,2014-07-08,1320,1314,1300,1300,-1.52,1579
CBBL,2014-07-07,1305,1331,1305,1320,1.15,1271
CBBL,2014-07-06,1275,1305,1279,1305,2.35,657
CBBL,2014-07-03,1293,1275,1275,1275,-1.39,40
CBBL,2014-07-02,1278,1350,1293,1293,1.17,2798
CBBL,2014-07-01,1162,1278,1185,1278,9.98,2072
CBBL,2014-06-30,1100,1162,1100,1162,5.64,903
CBBL,2014-06-29,1120,1142,1100,1100,-1.79,2576
CBBL,2014-06-26,1139,1162,1119,1120,-1.67,1173
CBBL,2014-06-25,1185,1162,1139,1139,-3.88,1261
CBBL,2014-06-24,1180,1198,1185,1185,0.42,510
CBBL,2014-06-23,1150,1180,1150,1180,2.61,935
CBBL,2014-06-19,1134,1150,1150,1150,1.41,206
CBBL,2014-06-18,1098,1134,1112,1134,3.28,217
CBBL,2014-06-17,1077,1098,1098,1098,1.95,10
CBBL,2014-06-16,1098,1077,1077,1077,-1.91,262
CBBL,2014-06-12,1120,1098,1098,1098,-1.96,840
CBBL,2014-06-11,1142,1120,1120,1120,-1.93,30
CBBL,2014-06-10,1120,1142,1142,1142,1.96,111
CBBL,2014-06-09,1155,1155,1120,1120,-3.03,378
CBBL,2014-06-08,1135,1155,1140,1155,1.76,825
CBBL,2014-06-05,1167,1145,1135,1135,-2.74,205
CBBL,2014-06-04,1200,1190,1167,1167,-2.75,759
CBBL,2014-06-03,1249,1249,1199,1200,-3.92,1971
CBBL,2014-06-02,1205,1249,1198,1249,3.65,2308
CBBL,2014-06-01,1205,1210,1205,1205,0,719
CBBL,2014-05-28,1224,1220,1190,1205,-1.55,1084
CBBL,2014-05-27,1210,1224,1199,1224,1.16,441
CBBL,2014-05-26,1208,1225,1200,1210,0.17,2602
CBBL,2014-05-25,1200,1260,1208,1208,0.67,4069
CBBL,2014-05-22,1190,1272,1190,1200,0.84,5062
CBBL,2014-05-21,1100,1190,1116,1190,8.18,9824
CBBL,2014-05-20,1025,1100,990,1100,7.32,15816
CBBL,2014-05-19,956,1025,956,1025,7.22,5277
CBBL,2014-05-18,950,956,954,956,0.63,490
CBBL,2014-05-15,925,955,940,950,2.7,3755
CBBL,2014-05-13,960,941,925,925,-3.65,156
CBBL,2014-05-12,960,965,955,960,0,1087
CBBL,2014-05-11,976,980,955,960,-1.64,851
CBBL,2014-05-08,995,976,976,976,-1.91,105
CBBL,2014-05-07,980,1000,950,995,1.53,5386
CBBL,2014-05-06,1005,1020,980,980,-2.49,765
CBBL,2014-05-05,979,1070,998,1005,2.66,5554
CBBL,2014-05-04,890,979,907,979,10,4135
CBBL,2014-04-29,895,890,878,890,-0.56,358
CBBL,2014-04-28,887,895,887,895,0.9,647
CBBL,2014-04-23,885,887,870,887,0.23,307
CBBL,2014-04-22,868,885,885,885,1.96,217
CBBL,2014-04-21,867,868,851,868,0.12,474
CBBL,2014-04-20,913,895,867,867,-5.04,1256
CBBL,2014-04-17,969,951,913,913,-5.78,456
CBBL,2014-04-15,950,969,969,969,2,44
CBBL,2014-04-13,920,950,925,950,3.26,913
CBBL,2014-04-10,887,920,890,920,3.72,4926
CBBL,2014-04-09,870,887,887,887,1.95,47
CBBL,2014-04-07,851,870,855,870,2.23,812
CBBL,2014-04-06,868,851,851,851,-1.96,347
CBBL,2014-04-03,851,868,868,868,2,210
CBBL,2014-04-02,800,851,816,851,6.38,1181
CBBL,2014-04-01,785,800,790,800,1.91,933
CBBL,2014-03-31,800,785,785,785,-1.88,119
CBBL,2014-03-26,785,800,790,800,1.91,375
CBBL,2014-03-24,770,785,780,785,1.95,238
CBBL,2014-03-23,802,790,756,770,-3.99,1163
CBBL,2014-03-20,800,802,802,802,0.25,40
CBBL,2014-03-19,790,800,800,800,1.27,126
CBBL,2014-03-18,794,790,790,790,-0.5,31
CBBL,2014-03-17,810,794,794,794,-1.98,846
CBBL,2014-03-13,810,826,810,810,0,1616
CBBL,2014-03-12,840,825,810,810,-3.57,1068
CBBL,2014-03-11,890,873,840,840,-5.62,1138
CBBL,2014-03-09,901,890,890,890,-1.22,180
CBBL,2014-03-06,867,901,884,901,3.92,180
CBBL,2014-03-05,850,867,867,867,2,158
CBBL,2014-03-04,850,850,850,850,0,139
CBBL,2014-03-03,884,867,850,850,-3.85,281
CBBL,2014-02-26,900,890,883,884,-1.78,298
CBBL,2014-02-25,902,901,884,900,-0.22,792
CBBL,2014-02-24,885,910,902,902,1.92,551
CBBL,2014-02-23,905,895,885,885,-2.21,1476
CBBL,2014-02-20,906,905,890,905,-0.11,1349
CBBL,2014-02-18,905,910,906,906,0.11,773
CBBL,2014-02-17,918,918,905,905,-1.42,281
CBBL,2014-02-16,900,918,918,918,2,67
CBBL,2014-02-13,875,900,892,900,2.86,282
CBBL,2014-02-12,890,875,873,875,-1.69,318
CBBL,2014-02-11,910,895,885,890,-2.2,1824
CBBL,2014-02-10,885,910,890,910,2.82,531
CBBL,2014-02-09,885,885,876,885,0,410
CBBL,2014-02-06,882,886,880,885,0.34,269
CBBL,2014-02-05,880,900,882,882,0.23,1280
CBBL,2014-02-04,875,880,858,880,0.57,1247
CBBL,2014-02-03,860,875,865,875,1.74,455
CBBL,2014-02-02,860,860,860,860,0,498
CBBL,2014-01-29,880,863,860,860,-2.27,268
CBBL,2014-01-23,875,880,875,880,0.57,210
CBBL,2014-01-22,875,875,875,875,0,100
CBBL,2014-01-21,870,875,875,875,0.57,210
CBBL,2014-01-20,816,870,832,870,6.62,969
CBBL,2014-01-14,742,816,756,816,9.97,885
CBBL,2014-01-13,714,742,728,742,3.92,336
CBBL,2014-01-12,700,714,690,714,2,1012
CBBL,2013-12-29,715,701,700,700,-2.1,497
CBBL,2013-12-24,714,715,700,715,0.14,481
CBBL,2013-12-23,714,714,700,714,0,508
CBBL,2013-12-22,700,714,714,714,2,252
CBBL,2013-12-16,687,700,700,700,1.89,78
CBBL,2013-12-15,701,687,687,687,-2,125
CBBL,2013-12-10,715,701,701,701,-1.96,107
CBBL,2013-12-09,971,743,715,715,-26.36,1277
CBBL,2013-12-05,980,1018,971,971,-0.92,724
CBBL,2013-12-04,946,983,964,980,3.59,951
CBBL,2013-12-03,883,970,900,946,7.13,7448
CBBL,2013-12-02,803,883,803,883,9.96,5082
CBBL,2013-12-01,745,819,759,803,7.79,705
CBBL,2013-11-28,745,745,745,745,0,100
CBBL,2013-11-27,745,759,745,745,0,290
CBBL,2013-11-26,769,784,745,745,-3.12,905
CBBL,2013-11-25,740,769,754,769,3.92,143
CBBL,2013-11-24,728,742,740,740,1.65,294
CBBL,2013-11-21,700,728,714,728,4,231
CBBL,2013-11-14,700,714,700,700,0,289
CBBL,2013-11-13,694,700,690,700,0.86,620
CBBL,2013-11-12,670,696,683,694,3.58,651
CBBL,2013-11-07,665,675,669,670,0.75,482
CBBL,2013-11-06,653,670,660,665,1.84,1730
CBBL,2013-10-31,641,653,653,653,1.87,100
CBBL,2013-10-29,652,650,638,641,-1.69,3876
CBBL,2013-10-27,665,652,652,652,-1.95,58
CBBL,2013-10-24,674,665,665,665,-1.34,100
CBBL,2013-10-23,700,700,674,674,-3.71,1027
CBBL,2013-10-20,700,700,700,700,0,32
CBBL,2013-10-09,695,700,700,700,0.72,536
CBBL,2013-10-08,689,695,695,695,0.87,125
CBBL,2013-10-07,639,689,651,689,7.82,53
CBBL,2013-10-06,652,639,627,639,-1.99,156
CBBL,2013-10-03,649,652,640,652,0.46,136
CBBL,2013-10-02,654,649,649,649,-0.76,90
CBBL,2013-10-01,630,654,630,654,3.81,347
CBBL,2013-09-30,625,630,624,630,0.8,791
CBBL,2013-09-29,627,630,620,625,-0.32,1948
CBBL,2013-09-26,659,646,615,627,-4.86,983
CBBL,2013-09-25,629,659,620,659,4.77,317
CBBL,2013-09-24,641,630,629,629,-1.87,190
CBBL,2013-09-23,650,659,641,641,-1.38,1088
CBBL,2013-09-22,663,650,650,650,-1.96,100
CBBL,2013-09-19,689,676,663,663,-3.77,261
CBBL,2013-09-17,745,731,689,689,-7.52,232
CBBL,2013-09-16,760,745,745,745,-1.97,100
CBBL,2013-09-12,789,790,760,760,-3.68,237
CBBL,2013-09-11,746,789,760,789,5.76,62
CBBL,2013-09-10,679,746,692,746,9.87,774
CBBL,2013-09-09,641,679,653,679,5.93,30
CBBL,2013-09-05,636,645,640,641,0.79,826
CBBL,2013-09-04,642,640,632,636,-0.93,2204
CBBL,2013-09-03,695,708,642,642,-7.63,4040
CBBL,2013-09-02,676,695,689,695,2.81,60
CBBL,2013-09-01,650,676,663,676,4,40
CBBL,2013-08-29,648,650,645,650,0.31,404
CBBL,2013-08-27,637,648,625,648,1.73,600
CBBL,2013-08-26,642,663,637,637,-0.78,829
CBBL,2013-08-25,630,642,618,642,1.9,156
CBBL,2013-08-20,630,630,620,630,0,597
CBBL,2013-08-19,608,630,604,630,3.62,196
CBBL,2013-08-18,646,634,590,608,-5.88,4415
CBBL,2013-08-15,599,646,610,646,7.85,73
CBBL,2013-08-14,605,600,593,599,-0.99,575
CBBL,2013-08-13,602,615,605,605,0.5,432
CBBL,2013-08-12,550,605,561,602,9.45,1057
CBBL,2013-08-11,505,550,507,550,8.91,788
CBBL,2013-08-08,515,505,505,505,-1.94,84
CBBL,2013-08-07,504,515,505,515,2.18,208
CBBL,2013-08-06,495,504,504,504,1.82,31
CBBL,2013-08-05,505,495,495,495,-1.98,40
CBBL,2013-08-04,495,507,504,505,2.02,1074
CBBL,2013-08-01,481,495,490,495,2.91,1538
CBBL,2013-07-31,478,495,481,481,0.63,3694
CBBL,2013-07-30,510,505,477,478,-6.27,7251
CBBL,2013-07-29,500,510,510,510,2,100
CBBL,2013-07-28,500,505,500,500,0,921
CBBL,2013-07-25,520,510,500,500,-3.85,300
CBBL,2013-07-24,500,520,510,520,4,23
CBBL,2013-07-23,518,508,498,500,-3.47,167
CBBL,2013-07-22,518,528,518,518,0,130
CBBL,2013-07-21,490,518,499,518,5.71,31
CBBL,2013-07-18,500,499,490,490,-2,111
CBBL,2013-07-17,501,500,500,500,-0.2,100
CBBL,2013-07-16,511,501,501,501,-1.96,220
CBBL,2013-07-15,556,554,501,511,-8.09,1549
CBBL,2013-07-14,546,556,556,556,1.83,10
CBBL,2013-07-11,536,546,546,546,1.87,11
CBBL,2013-07-10,527,536,526,536,1.71,61
CBBL,2013-07-09,498,527,507,527,5.82,32
CBBL,2013-07-08,498,498,489,498,0,51
CBBL,2013-07-07,461,498,470,498,8.03,2017
CBBL,2013-07-04,446,461,452,461,3.36,22
CBBL,2013-07-03,430,446,430,446,3.72,589
CBBL,2013-06-30,430,434,430,430,0,699
CBBL,2013-06-27,435,430,430,430,-1.15,525
CBBL,2013-06-26,437,435,435,435,-0.46,42
CBBL,2013-06-19,437,437,437,437,0,53
CBBL,2013-06-17,445,440,437,437,-1.8,317
CBBL,2013-06-12,447,445,445,445,-0.45,195
CBBL,2013-06-09,455,450,447,447,-1.76,653
CBBL,2013-06-05,444,455,450,455,2.48,2657
CBBL,2013-06-04,457,455,444,444,-2.84,1169
CBBL,2013-06-03,503,493,457,457,-9.15,298
CBBL,2013-05-30,494,503,503,503,1.82,12
CBBL,2013-05-27,476,494,485,494,3.78,22
CBBL,2013-05-23,433,476,435,476,9.93,447
CBBL,2013-05-22,428,433,433,433,1.17,20
CBBL,2013-05-21,428,428,428,428,0,158
CBBL,2013-05-20,420,428,428,428,1.9,10
CBBL,2013-05-19,412,420,420,420,1.94,200
CBBL,2013-05-13,420,412,412,412,-1.9,556
CBBL,2013-05-12,432,424,420,420,-2.78,147
CBBL,2013-05-09,426,432,424,432,1.41,160
CBBL,2013-05-08,431,428,426,426,-1.16,200
CBBL,2013-05-07,407,431,415,431,5.9,1210
CBBL,2013-05-06,400,407,407,407,1.75,200
CBBL,2013-04-30,400,401,400,400,0,1004
CBBL,2013-04-29,402,403,395,400,-0.5,5803
CBBL,2013-04-28,402,402,398,402,0,4008
CBBL,2013-04-25,395,402,401,402,1.77,3099
CBBL,2013-04-23,400,408,395,395,-1.25,514
CBBL,2013-04-22,387,400,394,400,3.36,195
CBBL,2013-04-21,380,387,387,387,1.84,94
CBBL,2013-04-18,386,380,380,380,-1.55,119
CBBL,2013-04-16,401,393,386,386,-3.74,20
CBBL,2013-04-15,387,401,380,401,3.62,614
CBBL,2013-04-11,382,387,380,387,1.31,1615
CBBL,2013-04-09,375,382,382,382,1.87,2000
CBBL,2013-04-08,360,375,355,375,4.17,2168
CBBL,2013-04-07,358,360,360,360,0.56,2000
CBBL,2013-04-04,351,358,358,358,1.99,2000
CBBL,2013-04-03,345,351,351,351,1.74,2029
CBBL,2013-04-02,353,346,345,345,-2.27,3301
CBBL,2013-04-01,360,353,353,353,-1.94,2504
CBBL,2013-03-31,367,360,360,360,-1.91,1850
CBBL,2013-03-27,358,367,345,367,2.51,4799
CBBL,2013-03-24,365,358,358,358,-1.92,10
CBBL,2013-03-21,371,365,365,365,-1.62,10
CBBL,2013-03-20,378,371,371,371,-1.85,10
CBBL,2013-03-19,399,392,378,378,-5.26,30
CBBL,2013-03-18,392,399,399,399,1.79,94
CBBL,2013-03-13,400,392,392,392,-2,10
CBBL,2013-03-11,400,400,400,400,0,392
CBBL,2013-03-07,390,400,393,400,2.56,186
CBBL,2013-03-05,394,390,390,390,-1.02,95
CBBL,2013-02-27,387,394,394,394,1.81,42
CBBL,2013-02-26,380,387,387,387,1.84,273
CBBL,2013-02-25,390,383,380,380,-2.56,110
CBBL,2013-02-24,407,399,390,390,-4.18,41
CBBL,2013-02-21,408,423,407,407,-0.25,94
CBBL,2013-02-17,400,408,408,408,2,52
CBBL,2013-02-14,397,400,395,400,0.76,84
CBBL,2013-02-13,390,397,396,397,1.79,136
CBBL,2013-02-07,388,390,390,390,0.52,150
CBBL,2013-02-05,387,388,381,388,0.26,265
CBBL,2013-02-03,375,387,380,387,3.2,531
CBBL,2013-01-31,383,380,375,375,-2.09,133
CBBL,2013-01-30,390,383,376,383,-1.79,41
CBBL,2013-01-28,383,396,389,390,1.83,158
CBBL,2013-01-27,393,391,383,383,-2.54,112
CBBL,2013-01-24,407,400,393,393,-3.44,760
CBBL,2013-01-23,400,407,407,407,1.75,12
CBBL,2013-01-22,400,400,400,400,0,10
CBBL,2013-01-21,401,400,393,400,-0.25,77
CBBL,2013-01-17,425,417,401,401,-5.65,30
CBBL,2013-01-13,430,443,425,425,-1.16,4934
CBBL,2012-12-24,437,430,430,430,-1.6,48
CBBL,2012-12-20,421,437,429,437,3.8,40
CBBL,2012-12-17,421,421,421,421,0,106
CBBL,2012-12-16,405,421,405,421,3.95,255
CBBL,2012-12-13,391,405,398,405,3.58,100
CBBL,2012-12-11,493,391,391,391,-20.69,100
CBBL,2012-11-25,497,493,493,493,-0.8,20
CBBL,2012-11-22,485,499,476,497,2.47,1027
CBBL,2012-11-21,476,485,484,485,1.89,140
CBBL,2012-11-20,470,478,475,476,1.28,780
CBBL,2012-11-12,474,475,470,470,-0.84,184
CBBL,2012-11-11,475,474,470,474,-0.21,494
CBBL,2012-11-08,472,479,470,475,0.64,1779
CBBL,2012-11-07,478,472,471,472,-1.26,155
CBBL,2012-11-06,460,487,469,478,3.91,288
CBBL,2012-11-05,456,465,460,460,0.88,730
CBBL,2012-11-04,452,456,451,456,0.88,1002
CBBL,2012-11-01,474,471,452,452,-4.64,1494
CBBL,2012-10-30,441,474,449,474,7.48,69
CBBL,2012-10-10,425,441,432,441,3.76,304
CBBL,2012-10-09,417,425,425,425,1.92,21
CBBL,2012-10-08,428,425,417,417,-2.57,377
CBBL,2012-10-03,420,428,428,428,1.9,26
CBBL,2012-09-30,416,420,420,420,0.96,100
CBBL,2012-09-27,413,416,411,416,0.73,107
CBBL,2012-09-26,405,413,412,413,1.98,370
CBBL,2012-09-25,402,405,405,405,0.75,50
CBBL,2012-09-24,416,408,402,402,-3.37,618
CBBL,2012-09-23,424,416,416,416,-1.89,261
CBBL,2012-09-20,422,430,422,424,0.47,563
CBBL,2012-09-19,422,430,422,422,0,50
CBBL,2012-09-18,440,433,415,422,-4.09,1457
CBBL,2012-09-17,418,450,426,440,5.26,891
CBBL,2012-09-16,380,418,380,418,10,2184
CBBL,2012-09-12,372,380,374,380,2.15,230
CBBL,2012-09-11,373,372,372,372,-0.27,1000
CBBL,2012-09-10,375,373,368,373,-0.53,2000
CBBL,2012-09-09,377,375,375,375,-0.53,420
CBBL,2012-09-06,384,384,377,377,-1.82,880
CBBL,2012-09-05,377,384,384,384,1.86,42
CBBL,2012-09-04,376,384,377,377,0.27,344
CBBL,2012-09-03,382,376,376,376,-1.57,796
CBBL,2012-09-02,375,382,382,382,1.87,21
CBBL,2012-08-30,373,376,369,375,0.54,1755
CBBL,2012-08-29,364,373,340,373,2.47,435
CBBL,2012-08-28,371,364,364,364,-1.89,10
CBBL,2012-08-19,385,378,371,371,-3.64,380
CBBL,2012-08-16,390,396,385,385,-1.28,210
CBBL,2012-08-13,389,390,390,390,0.26,525
CBBL,2012-08-06,396,389,389,389,-1.77,100
CBBL,2012-08-01,388,402,395,396,2.06,64
CBBL,2012-07-31,388,388,381,388,0,1437
CBBL,2012-07-26,395,388,388,388,-1.77,16
CBBL,2012-07-24,374,395,381,395,5.61,644
CBBL,2012-07-23,379,375,374,374,-1.32,58
CBBL,2012-07-19,379,400,379,379,0,906
CBBL,2012-07-18,345,379,351,379,9.86,443
CBBL,2012-07-17,314,345,320,345,9.87,160
CBBL,2012-07-11,286,314,291,314,9.79,1141
CBBL,2012-07-01,288,286,286,286,-0.69,157
CBBL,2012-06-17,283,288,288,288,1.77,420
CBBL,2012-06-12,293,288,283,283,-3.41,658
CBBL,2012-06-07,288,293,293,293,1.74,472
CBBL,2012-05-24,293,288,288,288,-1.71,319
CBBL,2012-05-17,273,293,278,293,7.33,288
CBBL,2012-05-14,258,273,263,273,5.81,1927
CBBL,2012-04-26,253,258,258,258,1.98,2175
CBBL,2012-04-12,256,253,253,253,-1.17,476
CBBL,2012-04-08,251,256,256,256,1.99,110
CBBL,2012-03-28,250,251,251,251,0.4,84
CBBL,2012-03-25,246,250,250,250,1.63,157
CBBL,2012-03-20,242,246,246,246,1.65,158
CBBL,2012-03-05,249,246,242,242,-2.81,31
CBBL,2012-03-04,254,249,249,249,-1.97,126
CBBL,2012-03-01,282,277,254,254,-9.93,1795
CBBL,2012-02-29,277,282,282,282,1.81,82
CBBL,2012-02-28,297,292,277,277,-6.73,178
CBBL,2012-02-23,314,309,297,297,-5.41,50
CBBL,2012-02-16,326,320,314,314,-3.68,138
CBBL,2012-02-08,320,326,326,326,1.88,158
CBBL,2012-02-06,323,320,320,320,-0.93,20
CBBL,2012-01-25,322,323,323,323,0.31,977
CBBL,2012-01-18,328,322,322,322,-1.83,21
CBBL,2012-01-11,340,334,328,328,-3.53,30
CBBL,2012-01-05,346,340,340,340,-1.73,20
