S.N,BUSINESS_DATE,SECURITY_ID,SYMBOL,SECURITY_NAME,OPEN_PRICE,HIGH_PRICE,LOW_PRICE,CLOSE_PRICE,TOTAL_TRADED_QUANTITY,TOTAL_TRADED_VALUE,PREVIOUS_DAY_CLOSE_PRICE,FIFTY_TWO_WEEKS_HIGH,FIFTY_TWO_WEEKS_LOW,LAST_UPDATED_TIME,LAST_UPDATED_PRICE,TOTAL_TRADES,AVERAGE_TRADED_PRICE,MARKET_CAPITALIZATION,RSI,macd_vs_signal,50_vs_20ema,20sma_vs_price,50sma_vs_price,200sma_vs_price,ltp,bollinger_price
21,2022-02-03,236,PFL,Pokhara Finance Ltd.,620,620,596,596,76668,46398407,614.9,920,245,2022-02-03T14:59:59.817496,596,519,605.18,6203.88,47.32950166,Down,Down,UP,Down,Down,596,between_bands
22,2022-02-03,348,CZBIL,Citizen Bank International Limited,298,305,298,299,83422,25099298,299,444,252.9,2022-02-03T14:59:46.308079,299,472,300.87,42460.91,44.11573205,Down,Down,UP,Down,Down,299,between_bands
23,2022-02-03,417,GBBL,Garima Bikas Bank Limited,623.9,625,612,615,158501,97617980.6,615,750,293,2022-02-03T14:59:59.847270,615,700,615.88,22606.86,48.45988967,Down,Down,UP,Down,Down,615,between_bands
24,2022-02-03,447,GLICL,Gurans Life Insurance Company Ltd.,709.9,728,693,695,53308,37438367.2,700,901,460,2022-02-03T14:59:45.519307,695,256,702.3,14485.54,49.61667436,Down,Down,UP,Down,Down,695,between_bands
25,2022-02-03,450,CORBL,Corporate Development Bank Limited,610.1,620,601.2,601.2,6433,3923656.1,610,1155,460,2022-02-03T14:58:56.974031,601.2,85,609.92,3006,48.13871886,Down,Down,UP,Down,Down,601.2,between_bands
26,2022-02-03,1741,MERO,Mero Microfinance Bittiya Sanstha Ltd.,1224,1232,1199,1199,13769,16672796.6,1200,1989,878.1,2022-02-03T14:59:58.940310,1199,176,1210.89,14388,57.5422425,UP,Down,Down,Down,Down,1199,between_bands
27,2022-02-03,2746,NMFBS,National Microfinance Bittiya Sanstha Ltd.,2710,2749,2675,2680,4689,12705572.5,2705,4080,2360,2022-02-03T14:58:26.517924,2680,112,2709.65,15722.89,72.14194725,UP,Down,Down,Down,Down,2680,between_bands
28,2022-02-03,2768,MSLB,Mahuli Samudayik Laghubitta Bittiya Sanstha Ltd.,1640,1655,1630,1635,1325,2179459,1651,3131,1485,2022-02-03T14:57:23.613377,1635,35,1644.87,4613.47,56.22600744,UP,Down,Down,Down,Down,1635,between_bands
30,2022-02-03,2917,CGH,Chandragiri Hills Limited,1470,1470,1425,1426,11539,16692792.1,1455,2800,159,2022-02-03T14:59:59.652111,1426,203,1446.64,21876.14,53.47331119,UP,Down,Down,Down,Down,1426,between_bands
32,2022-02-03,4947,PSF,Prabhu Select Fund,9.08,9.52,9.08,9.22,17735,164335.55,9.25,11.22,8.75,2022-02-03T14:54:21.988061,9.22,47,9.26,1152.5,38.54794002,UP,Down,UP,Down,Down,9.22,between_bands
33,2022-02-03,142,KBL,Kumari Bank Limited,264,270.2,262,263,110414,29305691.4,263,413,223,2022-02-03T14:59:56.931889,263,585,265.41,38690.41,41.93486272,Down,Down,UP,Down,Down,263,between_bands
34,2022-02-03,152,NHPC,National Hydro Power Company Limited,425.4,441.6,417,418,578092,248178259.1,417.1,530.9,132,2022-02-03T14:59:56.953484,418,2783,429.3,5790.08,44.12906117,Down,Down,UP,Down,Down,418,between_bands
35,2022-02-03,183,NIL,Neco Insurance Co. Ltd.,1326,1326,1294,1299,39543,51611993.5,1300,1900,950,2022-02-03T14:59:43.815236,1299,290,1305.21,19766.02,55.32408251,Down,Down,Down,Down,Down,1299,between_bands
36,2022-02-03,190,LGIL,Lumbini General Insurance Co. Ltd.,807,807,778,778,29500,23208822,800,975,566.5,2022-02-03T14:59:55.453309,778,166,786.73,9327.36,48.60474807,Down,Down,UP,Down,Down,778,between_bands
37,2022-02-03,428,KRBL,Karnali Development Bank Limited,465,466,441.1,445,33082,14936006.4,457,607,157,2022-02-03T14:59:53.208475,445,220,451.48,2358.54,44.56836787,Down,Down,UP,Down,Down,445,between_bands
38,2022-02-03,471,MPFL,Multipurpose Finance Company  Limited,457.9,460,442,442,17343,7828805.1,449,696,167,2022-02-03T14:59:30.512438,442,103,451.41,1997.84,44.52950051,Down,Down,UP,Down,Down,442,between_bands
39,2022-02-03,593,KMCDB,Kalika Laghubitta Bittiya Sanstha Ltd,1370,1374,1331,1334,10385,14074673.8,1365,1715,1015,2022-02-03T14:59:30.928612,1334,115,1355.28,4173.76,57.41281479,UP,Down,Down,Down,Down,1334,between_bands
40,2022-02-03,601,MLBBL,Mithila LaghuBitta Bittiya Sanstha Limited,1844.9,1844.9,1775,1808,375,671009,1810,2540,1475,2022-02-03T14:53:43.315004,1808,11,1789.35,3081.51,62.77304364,UP,Down,Down,Down,Down,1808,between_bands
41,2022-02-03,702,EICPO,Everest Insurance Co. Ltd. Promoter Share,467,470,451.4,451.4,1831,855390.6,468,530.1,325.9,2022-02-03T13:59:08.542096,451.4,7,467.17,457.04,44.19807737,UP,Down,UP,Down,Down,451.4,between_bands
42,2022-02-03,2751,KKHC,Khanikhola Hydropower Co. Ltd.,340,345.4,332,335,35071,11853707.9,334,556.2,111,2022-02-03T14:59:59.338952,335,301,337.99,1560.14,42.92654125,Down,Down,UP,Down,Down,335,between_bands
43,2022-02-03,2752,NMBHF1,NMB Hybrid Fund L-1,12,12.2,11.9,11.9,45444,544981.92,12.24,16.25,10.13,2022-02-03T14:54:57.294035,11.9,26,11.99,11900,39.26810081,Down,Down,UP,Down,Down,11.9,between_bands
44,2022-02-03,2790,ACLBSL,Aarambha Chautari Laghubitta Bittiya Sanstha Limited,1451,1468,1425,1433,3807,5489258.1,1445,1938,1077,2022-02-03T14:59:26.861668,1433,91,1441.88,4398.21,57.74658603,Down,Down,Down,Down,Down,1433,between_bands
45,2022-02-03,2811,MHNL,Mountain Hydro Nepal Limited,525,536,511,516,79292,41703165,515,720,208,2022-02-03T14:59:57.975622,516,322,525.94,6450,46.98451733,Down,Down,UP,Down,Down,516,between_bands
46,2022-02-03,2862,CMF2,CITIZENS MUTUAL FUND 2,10.3,10.49,10.3,10.36,9700,100821.8,10.42,16.87,9.04,2022-02-03T14:47:41.887517,10.36,15,10.39,580.16,41.95452698,Down,Down,UP,Down,Down,10.36,between_bands
47,2022-02-03,2880,HDHPC,Himal Dolakha Hydropower Company Limited,368.2,373.9,357,360,322163,118518737.9,361,478.9,123,2022-02-03T14:59:53.478437,360,1209,367.88,5760,46.56909832,Down,Down,UP,Down,Down,360,between_bands
48,2022-02-03,2902,LUK,Laxmi Unnati Kosh,10.2,10.45,10.12,10.4,20150,209227.5,10.37,16,9.31,2022-02-03T14:55:53.129345,10.4,34,10.38,678.73,42.61687304,Down,Down,UP,Down,Down,10.4,between_bands
49,2022-02-03,2907,SSHL,Shiva Shree Hydropower Ltd,398.8,414.1,383,386.9,128938,51284152.7,391,533,156,2022-02-03T14:59:55.451277,386.9,671,397.74,5712.19,48.14611401,Down,Down,UP,Down,Down,386.9,between_bands
50,2022-02-03,2934,SHEL,Singati Hydro Energy Limited,521.4,537,516.1,524,101166,53322018.6,511.2,650,306,2022-02-03T14:59:59.962907,524,1118,527.07,7598,50.18530564,Down,Down,UP,Down,Down,524,between_bands
51,2022-02-03,280,SIL,Siddhartha Insurance Ltd.,1009.8,1050,1009.8,1018,74774,76542627.7,990,1376,732,2022-02-03T14:59:40.652002,1018,475,1023.65,11401.6,57.25217467,UP,Down,Down,Down,Down,1018,between_bands
52,2022-02-03,371,MDB,Miteri Development Bank Limited,570,576.9,559,559,25063,14244673.3,562.1,873.2,320,2022-02-03T14:59:53.679401,559,161,568.35,5050.16,49.6213622,UP,Down,UP,Down,Down,559,between_bands
53,2022-02-03,517,NBL,Nepal Bank Limited,380,382.5,370,370.5,114244,42650667.1,375,575,317,2022-02-03T14:59:58.795632,370.5,687,373.32,53373.88,46.64278587,UP,Down,UP,UP,Down,370.5,between_bands
54,2022-02-03,618,LLBS,Laxmi Laghubitta Bittiya Sanstha Ltd.,1620,1629.2,1575,1588,691,1107786,1600,2574,1205,2022-02-03T14:48:28.394147,1588,23,1603.16,6098.78,63.260669,UP,Down,Down,Down,Down,1588,between_bands
55,2022-02-03,657,MEGAPO,Mega  Bank Nepal Ltd. Promoter Share,120,120,120,120,26896,3227520,120,132,118,2022-02-03T12:45:51.888147,120,1,120,3131.52,43.98865469,UP,Down,UP,UP,Down,120,between_bands
56,2022-02-03,1740,GIMES1,Global IME Samunnat Scheme-1,12.39,12.39,11.91,12.1,207214,2509399.26,12.15,25.09,9.9,2022-02-03T14:58:53.632470,12.1,57,12.11,1210,42.8687619,Down,Down,UP,UP,Down,12.1,between_bands
57,2022-02-03,2758,FOWAD,Forward Microfinance Bittiya Sanstha Ltd.,2520,2560,2485,2490,25690,64774213.3,2560,3530,2000,2022-02-03T14:59:56.620075,2490,628,2521.37,21026.83,66.03566572,UP,Down,Down,Down,Down,2490,above_upper_band
58,2022-02-03,2829,SMFBS,Swabhimaan Laghubitta Bittiya Sanstha Limited,1994,1994,1925,1950,958,1871954.2,1994,3110,1670,2022-02-03T14:55:22.924992,1950,36,1954.02,2374.75,59.86381358,UP,Down,Down,Down,Down,1950,between_bands
59,2022-02-03,2835,NBF2,NABIL BALANCED FUND-2,11.49,11.5,11.2,11.5,36660,414636.3,11.37,17,10,2022-02-03T14:45:15.480262,11.5,30,11.31,1288,43.02318364,UP,Down,UP,UP,Down,11.5,between_bands
60,2022-02-03,2860,SAPDBL,Saptakoshi Development Bank Ltd,377,382.9,362.6,363,42159,15761827.1,370,540,155,2022-02-03T14:59:28.534787,363,188,373.86,3028.65,46.22349922,UP,Down,UP,UP,Down,363,between_bands
63,2022-02-03,4951,JBLB,Jeevan Bikas Laghubitta  Bittya Sanstha Ltd,4900,4950,4740,4765,17003,81885968.2,4866,5516.9,890,2022-02-03T14:59:57.766131,4765,871,4815.97,28990.26,70.46327091,UP,Down,Down,Down,Down,4765,above_upper_band
64,2022-02-03,155,STC,Salt Trading Corporation,6696,6749,6575,6576,3504,23208593.9,6623.1,13780,4740,2022-02-03T14:59:50.163622,6576,131,6623.45,15156.56,75.7168593,UP,Down,Down,Down,Down,6576,above_upper_band
65,2022-02-03,359,SRBL,Sunrise Bank Limited,290,295,287.2,287.2,42612,12396188.8,289.9,418.2,250,2022-02-03T14:59:39.050726,287.2,231,290.9,29061.46,44.00626947,UP,Down,UP,UP,Down,287.2,between_bands
66,2022-02-03,592,NSLB,Naya Sarathi Laghubitta Bittiya Sanstha Limited,1500,1500,1455,1459.1,2398,3510424.8,1485,1987.9,1026.1,2022-02-03T14:59:33.277845,1459.1,29,1463.89,3720.03,48.67905584,UP,Down,Down,Down,Down,1459.1,between_bands
67,2022-02-03,694,KLBSL,Kisan Lagubitta Bittiya Sanstha Limited,1719,1720,1680,1700,1883,3190756.1,1700,2042,1072,2022-02-03T14:59:58.136371,1700,45,1694.5,6677.75,49.68602959,UP,Down,Down,Down,Down,1700,between_bands
68,2022-02-03,2771,SMB,Support Microfinance Bittiya Sanstha Ltd.,2033,2114,1990.1,1990.1,233,471991,1994.6,2900,1619,2022-02-03T14:23:25.730026,1990.1,16,2025.71,1707.51,51.03579997,UP,Down,Down,Down,Down,1990.1,between_bands
69,2022-02-03,2776,RADHI,Radhi Bidyut Company Ltd,740.6,748.1,717,717,101001,74647789,726.1,1340,314,2022-02-03T14:59:56.288646,717,637,739.07,4634.72,44.87250196,Down,Down,UP,UP,Down,717,between_bands
70,2022-02-03,2779,NICGF,NIC Asia Growth Fund,12.22,12.46,12.22,12.4,19746,245060.4,12.35,18.12,10.43,2022-02-03T14:51:21.229856,12.4,14,12.41,1035.65,41.62659519,Down,Down,UP,UP,Down,12.4,between_bands
71,2022-02-03,2806,GHL,Ghalemdi Hydro Limited,363.1,370,350.1,350.1,95438,34372592.9,356,555.9,120,2022-02-03T14:59:53.687660,350.1,492,360.15,1925.55,43.89586351,Down,Down,UP,UP,Down,350.1,between_bands
72,2022-02-03,2832,ILBS,Infinity Laghubitta Bittiya Sanstha Limited,1395,1451,1395,1416,2503,3551441.6,1423,2140,1304,2022-02-03T14:59:18.085128,1416,61,1418.87,5869.58,50.921622,Down,Down,Down,Down,Down,1416,between_bands
73,2022-02-03,2908,SGI,Sanima General Insurance Limited,675,676,658.1,663,10430,6932271.4,671,900,474,2022-02-03T14:59:52.881926,663,298,664.64,6630,46.15766862,Down,Down,UP,UP,Down,663,between_bands
74,2022-02-03,2937,SBCF,Sunrise Bluechip Fund,9.08,9.39,9.08,9.18,22890,210891.7,9.24,11.29,8.18,2022-02-03T14:59:15.718763,9.18,34,9.21,1147.5,42.16194092,Down,Down,UP,UP,Down,9.18,between_bands
75,2022-02-03,8026,NYADI,Nyadi Hydropower Limited,509,530.2,503,530,56373,29323342,509,545,282.3,2022-02-03T14:59:55.864549,530,1690,520.16,7950,46.46856667,Down,Down,UP,UP,Down,530,between_bands
76,2022-02-03,154,CHCL,Chilime Hydropower Company Limited,539.5,546.9,527,527,37925,20384015.3,534,785,462,2022-02-03T14:59:56.639694,527,295,537.48,35581.96,46.44532615,Down,Down,UP,UP,Down,527,between_bands
77,2022-02-03,178,NLICL,National Life Insurance Co. Ltd.,1148,1148,1115,1115,42862,48337928.7,1130,1411,780,2022-02-03T14:59:46.726987,1115,367,1127.75,37808.42,51.94149051,Down,Down,UP,Down,Down,1115,between_bands
78,2022-02-03,180,UIC,United Insurance Co. (Nepal) Ltd.,743,743,721,728,26747,19478570,728.8,890,546,2022-02-03T14:59:58.359578,728,139,728.25,7485,48.14733591,Down,Down,UP,UP,Down,728,between_bands
79,2022-02-03,255,PRVU,Prabhu  Bank Limited,336,339.9,331.5,333,96481,32247252.1,334,525,285,2022-02-03T14:59:52.008691,333,466,334.23,42319.98,44.29447693,Down,Down,UP,UP,Down,333,between_bands
80,2022-02-03,360,AHPC,Arun Valley Hydropower Development Co. Ltd.,574,610,574,593,1384721,827035336.5,563,785,237,2022-02-03T14:59:59.853551,593,5721,597.25,10256.5,47.51949323,Down,Down,UP,UP,Down,593,between_bands
81,2022-02-03,418,JBBL,Jyoti Bikas Bank Limited,458,469.9,444,447,102236,46569618.1,454,649.9,215,2022-02-03T14:59:59.840055,447,695,455.51,19076.86,45.78303426,Down,Down,UP,UP,Down,447,between_bands
82,2022-02-03,686,BARUN,Barun Hydropower Co. Ltd.,575,577,555,555,42189,23936517.4,565,763.4,215,2022-02-03T14:59:47.082232,555,320,567.36,1486.89,47.44056319,Down,Down,UP,UP,Down,555,between_bands
83,2022-02-03,2753,NEF,Nabil Equity Fund,10.97,11.33,10.97,11.2,120429,1357271.55,11,17.49,9.83,2022-02-03T14:59:21.654119,11.2,31,11.27,1400,40.21775656,Down,Down,UP,UP,Down,11.2,between_bands
84,2022-02-03,2767,HPPL,Himalayan Power Partner Ltd.,530,540,517,517.1,82449,43589953.8,520,749.1,283,2022-02-03T14:59:57.635232,517.1,341,528.68,5509.27,48.69556044,Down,Down,UP,UP,Down,517.1,between_bands
85,2022-02-03,2774,USLB,Unnati Sahakarya Laghubitta Bittiya Sanstha Limited,1698,1698,1635,1636,344,569257.6,1665,2868,1442,2022-02-03T14:54:43.658253,1636,18,1654.81,3746.78,62.43960818,UP,Down,Down,Down,Down,1636,between_bands
86,2022-02-03,2781,WNLB,Wean Nepal Laghubitta Bittiya Sanstha Limited,1816.7,1959.2,1816.7,1959.2,2373,4643638.4,1781.1,1959.2,831,2022-02-03T14:27:45.727743,1959.2,105,1956.86,1419.37,65.54974185,UP,Down,Down,Down,Down,1959.2,between_bands
87,2022-02-03,2786,PMHPL,Panchakanya Mai Hydropower Ltd,393.7,396.9,385,390,76830,30053667.1,386,484,133,2022-02-03T14:59:49.159080,390,472,391.17,4290,44.62103752,UP,Down,UP,UP,Down,390,between_bands
88,2022-02-03,2824,HURJA,Himalaya Urja Bikas Company Limited,550,554.8,530,554.8,38061,20790849,540,685.4,204,2022-02-03T14:59:52.608800,554.8,253,546.25,5492.52,46.70589433,UP,Down,UP,UP,Down,554.8,between_bands
89,2022-02-03,2843,SABSL,SABAIKO LAGHUBITTA BITTIYA SANSTHA LIMITED,1529.9,1560,1482,1482,1063,1613843.4,1505,2306.2,1041,2022-02-03T14:58:01.345608,1482,52,1518.19,4001.38,57.26599425,UP,Down,Down,Down,Down,1482,between_bands
90,2022-02-03,2867,NMB50,NMB 50,13.13,13.46,13.08,13.45,219695,2945209.35,13.11,18.47,10.72,2022-02-03T14:58:51.838764,13.45,35,13.4,1681.25,41.91800314,UP,Down,UP,UP,Down,13.45,between_bands
91,2022-02-03,2896,SDLBSL,Sadhana Laghubitta Bittiya Sanstha Limited,1439.2,1439.2,1400,1403.1,3246,4580257.8,1411,2079,1026,2022-02-03T14:58:26.998188,1403.1,113,1411.04,4507.11,55.17955579,UP,Down,Down,Down,Down,1403.1,between_bands
92,2022-02-03,2935,RURU,Ru Ru Jalbidhyut Pariyojana Limited,1071,1105,1071,1088,8364,9168388.4,1066,1849.2,356,2022-02-03T14:59:51.896883,1088,194,1096.17,4879.42,52.03650966,UP,Down,Down,Down,Down,1088,between_bands
93,2022-02-03,5982,SLI,Sanima Life Insurance Limited,560,598,560,577,54574,31737511.7,570,787.8,309,2022-02-03T14:59:57.011569,577,1796,581.55,11540,46.97417342,UP,Down,UP,UP,Down,577,between_bands
94,2022-02-03,8022,TPC,Terhathum Power Company Limited,613,663,613,635,26223,16538315.7,611,663,254.2,2022-02-03T14:59:59.837397,635,546,630.67,2540,47.64858518,UP,Down,UP,UP,Down,635,between_bands
95,2022-02-03,131,NABIL,Nabil Bank Limited,1141.5,1143.5,1121,1122,61153,68883392.7,1121.1,1740,1086,2022-02-03T14:59:52.239448,1122,926,1126.41,206153.86,53.44847043,UP,Down,Down,Down,Down,1122,between_bands
96,2022-02-03,137,EBL,Everest Bank Limited,590,595,585,585,29116,17151039.5,585,864,515,2022-02-03T14:59:18.781875,585,162,589.05,55149.94,46.78111428,UP,Down,UP,UP,Down,585,between_bands
97,2022-02-03,138,BOKL,Bank of Kathmandu Ltd.,300,305,292,292.2,27569,8125811,294.5,433.2,240.2,2022-02-03T14:59:30.862516,292.2,265,294.74,31043.31,43.34182179,Down,Down,UP,UP,Down,292.2,between_bands
98,2022-02-03,140,MBL,Machhapuchhre Bank Limited,330,335,325,325,87824,28866394.6,330,455,279,2022-02-03T14:59:58.951026,325,435,328.68,33335.76,43.88103161,Down,Down,UP,UP,Down,325,between_bands
99,2022-02-03,181,EIC,Everest Insurance Co. Ltd.,740,754.8,730.5,738,22447,16679481.8,734.5,885,526,2022-02-03T14:59:59.779434,738,133,743.06,8735,50.76434997,Down,Down,UP,UP,Down,738,between_bands
100,2022-02-03,182,PIC,Premier Insurance Co. Ltd.,1020,1020,995,995,13642,13712512.2,1000,1399,817,2022-02-03T14:59:49.858679,995,135,1005.16,12215.46,54.79014069,UP,Down,Down,Down,Down,995,between_bands
101,2022-02-03,187,NLIC,Nepal Life Insurance Co. Ltd.,1680.1,1703,1624,1630,120203,198136578.2,1670,2470,1270,2022-02-03T14:59:58.952801,1630,1411,1648.34,117359.52,63.41355292,UP,Down,Down,Down,Down,1630,between_bands
102,2022-02-03,189,PICL,Prudential Insurance Co. Ltd.,766,774.9,754,754,20917,15973903,769,994,543,2022-02-03T14:59:56.973999,754,93,763.68,8358.44,48.51880236,UP,Down,UP,UP,Down,754,between_bands
103,2022-02-03,357,PCBL,Prime Commercial Bank Ltd.,362,367.5,357.6,359,43183,15597792.7,359.9,540,310,2022-02-03T14:59:55.592734,359,360,361.2,66976.2,43.18295624,UP,Down,UP,UP,Down,359,between_bands
104,2022-02-03,545,SLBBL,Swarojgar Laghu Bitta Bikas Bank Ltd.,1180,1192,1159,1159,6657,7776126.6,1175,1685,890,2022-02-03T14:58:17.577524,1159,79,1168.11,5958.41,54.90195742,UP,Down,Down,Down,Down,1159,between_bands
105,2022-02-03,591,SHPC,Sanima Mai Hydropower Ltd.,463,469,453,455,214167,99004146.6,454,675,326,2022-02-03T14:59:58.729132,455,1064,462.27,14056.09,45.30766215,Down,Down,UP,UP,Down,455,between_bands
106,2022-02-03,634,RBCLPO,Rastriya Beema Company Limited Promoter Share,16707,16823,16200,16401,1080,17820969,16380,20185,11310,2022-02-03T14:59:54.640919,16401,32,16500.89,29133.03,90.26475145,UP,Down,Down,Down,Down,16401,above_upper_band
107,2022-02-03,2760,UMHL,United Modi Hydropower Ltd.,446.7,456,435,437,213694,95841647.5,442,646.6,152,2022-02-03T14:59:57.695742,437,1044,448.49,5025.5,46.05151178,UP,Down,UP,UP,Down,437,between_bands
108,2022-02-03,2765,LEMF,Laxmi Equity Fund,10.51,10.72,10.51,10.65,40690,433728.9,10.72,19.34,9.16,2022-02-03T14:57:20.461229,10.65,18,10.65,1331.25,45.35924844,UP,Down,UP,UP,Down,10.65,between_bands
109,2022-02-03,2789,JOSHI,Joshi Hydropower Development Company Ltd,341.7,349.8,333.2,334,132280,45437257.6,335,507,113,2022-02-03T14:59:58.363427,334,732,343.49,1240.48,46.07647947,UP,Down,UP,UP,Down,334,between_bands
110,2022-02-03,2842,SJCL,SANJEN JALAVIDHYUT COMPANY LIMITED,431,434,415,417,37300,15782234.8,423,550,281,2022-02-03T14:59:54.981077,417,452,423.11,13698.45,46.28761865,Down,Down,UP,UP,Down,417,between_bands
111,2022-02-03,3946,CHDC,CEDB Hydropower Development Company Limited,1093,1130,1070.1,1122,66295,73318641.7,1090,1415,416,2022-02-03T14:59:57.307338,1122,1161,1105.94,9418.18,48.29389267,Down,Down,UP,UP,Down,1122,between_bands
112,2022-02-03,8025,SPC,Samling Power Company Limited,669,692,669,676,11682,7921640,679,745,296.3,2022-02-03T14:59:09.781847,676,360,678.1,3380,46.99823601,Down,Down,UP,UP,Down,676,between_bands
113,2022-02-03,135,SBI,Nepal SBI Bank Limited,400,401,391,398,41619,16509480.9,397.5,465,331.3,2022-02-03T14:59:55.203710,398,133,396.68,39106.89,46.09885323,Down,Down,UP,UP,Down,398,between_bands
114,2022-02-03,145,SBL,Siddhartha Bank Limited,456,465,450.1,455,64627,29655334.4,456,605,370,2022-02-03T14:59:39.367018,455,328,458.86,56986.14,46.34446794,Down,Down,UP,UP,Down,455,between_bands
115,2022-02-03,166,DDBL,Deprosc Laghubitta Bittiya Sanstha Limited,1318,1318,1288,1290,17049,22187288.5,1300,2420,1019,2022-02-03T14:59:51.542981,1290,243,1301.38,17898.73,50.22114539,Down,Down,UP,Down,Down,1290,between_bands
116,2022-02-03,176,NICL,Nepal Insurance Co. Ltd.,892,920,892,903.3,66976,61001787.1,892,1294,640,2022-02-03T14:59:43.809503,903.3,435,910.8,11222.04,48.33430515,Down,Down,UP,UP,Down,903.3,between_bands
117,2022-02-03,192,SICL,Shikhar Insurance Co. Ltd.,2005,2030,1980,1986,134452,268068044.7,1997,3021,1387,2022-02-03T14:59:57.967402,1986,2235,1993.78,34924.29,53.98183536,Down,Down,Down,Down,Down,1986,between_bands
118,2022-02-03,204,GUFL,Gurkhas Finance Ltd.,803.1,816,775,778,63408,50139176.1,802,1500,380,2022-02-03T14:59:55.069411,778,641,790.73,6752.99,47.25772699,Down,Down,UP,UP,Down,778,between_bands
119,2022-02-03,210,CIT,Citizen Investment Trust,3484,3484,3400,3410,13731,47160274.5,3416,5029,2625,2022-02-03T14:59:11.052697,3410,270,3434.58,111507.01,59.94147826,UP,Down,Down,Down,Down,3410,between_bands
120,2022-02-03,213,BNT,Bottlers Nepal (Terai) Limited,14700,14785,14500,14500,360,5258834,14696,17670,8328,2022-02-03T14:59:58.134348,14500,31,14607.87,17545,81.64283616,UP,Down,Down,Down,Down,14500,above_upper_band
121,2022-02-03,245,CFCL,Central Finance Co. Ltd.,517,525,497,500,40108,20413249.7,507,814.9,183,2022-02-03T14:59:16.397556,500,338,508.95,4744.38,45.41072196,UP,Down,UP,UP,Down,500,between_bands
122,2022-02-03,268,SWBBL,Swabalamban Laghubitta Bittiya Sanstha Limited,1375,1382,1352.2,1352.2,5041,6904294,1360,2275,1097,2022-02-03T14:56:47.544174,1352.2,67,1369.62,15173.98,47.07861084,UP,Down,UP,UP,Down,1352.2,between_bands
123,2022-02-03,273,ICFC,ICFC Finance Limited,743,760,730,732,135297,100834588.2,734.9,1176.8,283,2022-02-03T14:59:59.851347,732,788,745.28,8247.39,45.88819751,Down,Down,UP,UP,Down,732,between_bands
124,2022-02-03,393,PLIC,Prime Life Insurance Company Limited,804,815,788,793,20473,16325841.8,804,1133,570,2022-02-03T14:59:39.222118,793,149,797.43,22042.35,46.04474739,Down,Down,UP,UP,Down,793,between_bands
125,2022-02-03,459,KSBBL,Kamana Sewa Bikas Bank Limited,555,565.9,538.1,539,99985,55390046.2,549,866.9,284,2022-02-03T14:59:57.255739,539,744,553.98,16938.49,45.40658639,Down,Down,UP,UP,Down,539,between_bands
126,2022-02-03,472,SADBL,Shangrila Development Bank Ltd.,436,443,426,427,96366,41826770.6,428.4,595,197,2022-02-03T14:59:57.924883,427,419,434.04,12855.56,45.08513549,Down,Down,UP,UP,Down,427,between_bands
127,2022-02-03,474,MNBBL,Muktinath Bikas Bank Ltd.,569.9,579,560,560,50855,28923842.9,567.9,850,377,2022-02-03T14:59:58.586065,560,371,568.75,31680.21,45.61850397,Down,Down,UP,UP,Down,560,between_bands
128,2022-02-03,605,CCBL,Century Commercial Bank Ltd.,262,262,255.2,256.5,83825,21618902.6,258.2,324,212,2022-02-03T14:59:25.458189,256.5,390,257.9,24505.78,44.46864347,Down,Down,UP,UP,Down,256.5,between_bands
129,2022-02-03,695,JSLBB,Janautthan Samudayic Laghubitta Bikas Bank Ltd.,2550,2560,2495,2495,1003,2511869,2510,5500,2061.1,2022-02-03T14:59:40.371449,2495,45,2504.35,3690.25,54.36634894,Down,Down,Down,Down,Down,2495,between_bands
130,2022-02-03,2755,NIBLPF,NIBL Pragati Fund,10.67,10.93,10.67,10.83,33700,366465.96,10.8,20.68,9.3,2022-02-03T14:58:22.687911,10.83,18,10.87,812.25,44.17286172,Down,Down,UP,UP,Down,10.83,between_bands
131,2022-02-03,2757,AKPL,Arun Kabeli Power Ltd.,612,624,600,601,391839,239806786.7,600,882.4,300,2022-02-03T14:59:55.817367,601,2255,612,11149.82,46.93075906,Down,Down,UP,UP,Down,601,between_bands
132,2022-02-03,2761,SMATA,Samata Gharelu Laghubitta Bittiya Sanstha Limited,1235,1256,1215,1225,1245,1530483.4,1235,2048,550,2022-02-03T14:59:37.900945,1225,30,1229.3,4198.62,49.97893423,Down,Down,UP,UP,Down,1225,between_bands
133,2022-02-03,2770,SEF,Siddhartha Equity Fund,11.3,11.56,11.29,11.42,44800,511441.32,11.4,17.04,10.01,2022-02-03T14:56:59.411376,11.42,26,11.41,1713,44.21642914,Down,Down,UP,UP,Down,11.42,between_bands
134,2022-02-03,2788,AKJCL,Ankhu Khola Jalvidhyut Company Ltd,323.4,345,323.4,327,273319,91624805.7,330,502,132,2022-02-03T14:59:56.819471,327,1333,335.23,2616,46.1017566,Down,Down,UP,UP,Down,327,between_bands
135,2022-02-03,2813,PPCL,Panchthar Power Compant Limited,556.9,570,543,544,55566,30861738.1,546.2,642,222,2022-02-03T14:59:55.675613,544,292,555.4,5236,47.52452405,Down,Down,UP,UP,Down,544,between_bands
136,2022-02-03,2826,GLBSL,Gurans Laghubitta Bittiya Sanstha Limited,1400,1400,1374,1375,1215,1678999.3,1400,2245,1017,2022-02-03T14:57:05.614943,1375,35,1381.89,1340.62,53.06040483,Down,Down,UP,UP,Down,1375,between_bands
137,2022-02-03,2881,NRIC,Nepal Reinsurance Company Limited,1260,1285,1248,1251,50477,64015778.4,1254,2010,1104.72,2022-02-03T14:59:58.038290,1251,629,1268.21,145741.5,52.10350877,Down,Down,UP,UP,Down,1251,between_bands
138,2022-02-03,8005,MKJC,Mailung Khola Jal Vidhyut Company Limited,610,638,610,638,39284,24625089,612,638,186.5,2022-02-03T14:59:57.814094,638,616,626.84,2348.75,47.19473174,Down,Down,UP,UP,Down,638,between_bands
139,2022-02-03,8024,NBF3,Nabil Balanced Fund-3,9.7,9.87,9.65,9.7,25733,249266.11,9.7,10.08,9.13,2022-02-03T14:58:58.765405,9.7,50,9.68,1212.5,42.41622974,Down,Down,UP,UP,Down,9.7,between_bands
140,2022-02-03,133,SCB,Standard Chartered Bank Limited,506,515,501,508.1,16760,8566813.6,506,678,434,2022-02-03T14:59:17.363142,508.1,168,511.14,47911.05,47.34974518,Down,Down,UP,UP,Down,508.1,between_bands
141,2022-02-03,188,LICN,Life Insurance Co. Nepal,2400,2400,2326,2377,20975,49201626.4,2356,2800,1700,2022-02-03T14:59:50.165387,2377,210,2345.72,52555.47,61.70361481,UP,Down,Down,Down,Down,2377,above_upper_band
142,2022-02-03,219,UNL,Unilever Nepal Limited,19100,19100,19002,19002,20,381020,19050,23180,18050,2022-02-03T13:41:17.379256,19002,2,19051,17495.14,89.99931845,UP,Down,Down,Down,Down,19002,above_upper_band
143,2022-02-03,232,GFCL,Goodwill Finance Co. Ltd.,728.9,728.9,700,701,26675,19059139.6,720.5,1010,239,2022-02-03T14:59:43.909223,701,208,714.49,6632.27,46.17943142,UP,Down,UP,UP,Down,701,between_bands
144,2022-02-03,238,NMB,NMB Bank Limited,353,354,345,347,55570,19362552.5,347.5,517,326,2022-02-03T14:59:59.370761,347,406,348.43,63732.47,45.67753978,UP,Down,UP,UP,Down,347,between_bands
145,2022-02-03,341,GBIME,Global IME Bank Limited,370,370,361.1,363,102527,37493150.8,366,522,275,2022-02-03T14:59:48.243815,363,718,365.69,86378.59,45.70865375,UP,Down,UP,UP,Down,363,between_bands
146,2022-02-03,385,ALICL,Asian Life Insurance Co. Limited,1026,1031,1000,1002,21071,21462245.8,1025,1565,978,2022-02-03T14:59:46.395798,1002,288,1018.56,25184.79,47.11987851,Down,Down,UP,UP,Down,1002,between_bands
147,2022-02-03,502,SMFDB,Summit Laghubitta Bittiya Sanstha Limited,1301,1326,1226.5,1241,2995,3758011.5,1276,1938,1100,2022-02-03T14:57:57.306529,1241,53,1254.76,6130.54,47.71294527,Down,Down,UP,UP,Down,1241,between_bands
148,2022-02-03,532,CBL,Civil Bank Ltd,264,264,259.1,259.6,99853,26136137.7,261.2,316,214,2022-02-03T14:59:50.327968,259.6,370,261.74,23560.89,45.28010546,Down,Down,UP,UP,Down,259.6,between_bands
149,2022-02-03,705,GILB,Global IME Laghubitta Bittiya Sanstha Ltd.,1776,1776,1740.5,1765,4184,7342765.7,1741.5,3191,1390,2022-02-03T14:58:48.777411,1765,75,1754.96,9753.2,49.85573839,Down,Down,Down,UP,Down,1765,between_bands
150,2022-02-03,2743,NGPL,Ngadi Group Power Ltd.,740,753.5,720,725,129155,95145141.5,728,1397,217,2022-02-03T14:59:59.293375,725,675,736.67,5125.26,46.70781813,Down,Down,UP,UP,Down,725,between_bands
151,2022-02-03,2769,NHDL,Nepal Hydro Developers Ltd.,532.4,552.8,530,532,93142,50543950,522,840,244,2022-02-03T14:59:52.918288,532,612,542.65,1702.03,46.07791731,Down,Down,UP,UP,Down,532,between_bands
152,2022-02-03,2804,SLBSL,Samudayik Laghubitta Bittiya Sanstha Limited,1340,1400,1340,1391,4642,6444261,1350,1785,951.6,2022-02-03T14:59:47.838378,1391,77,1388.25,1836.12,49.60679963,Down,Down,UP,UP,Down,1391,between_bands
153,2022-02-03,2863,NICBF,NIC Asia Balanced Fund,11.5,11.65,11.31,11.58,14600,167658,11.5,17,9.92,2022-02-03T14:59:24.711746,11.58,16,11.48,874.29,44.1888678,Down,Down,UP,UP,Down,11.58,between_bands
154,2022-02-03,2898,NRN,NRN Infrastructure and Development Limited,785,812,770,790,101519,81165919.7,782,990,368,2022-02-03T14:59:50.774447,790,813,799.51,9663.37,47.93274235,Down,Down,UP,UP,Down,790,between_bands
155,2022-02-03,2914,UMRH,United IDI Mardi RB Hydropower Limited.,655,673,649,660,44861,29620837.1,645,811,220,2022-02-03T14:59:48.987232,660,334,660.28,2772,47.31434244,Down,Down,UP,UP,Down,660,between_bands
156,2022-02-03,2929,JLI,Jyoti Life Insurance Ltd,735,735,720,722,39578,28660754.8,726,998,360,2022-02-03T14:59:59.962984,722,1183,724.15,15884,47.68984961,Down,Down,UP,UP,Down,722,between_bands
157,2022-02-03,4967,NICSF,NIC Asia Select Fund 30,9.11,9.25,9.07,9.07,81275,742373.9,9.25,10.1,8.75,2022-02-03T14:57:47.612449,9.07,77,9.13,1133.75,43.52791119,Down,Down,UP,UP,Down,9.07,between_bands
158,2022-02-03,8018,MLBS,Manushi Laghubitta Bittiya Sanstha Limited,1535,1561,1520,1520,2875,4417967,1560,2189.1,397.5,2022-02-03T14:59:47.475184,1520,129,1536.68,1662.5,53.55078609,Down,Down,UP,Down,Down,1520,between_bands
159,2022-02-03,156,BBC,Bishal Bazar Company Limited,5200,5285,5130,5130,513,2680110,5180,8208,2880,2022-02-03T14:58:54.667420,5130,27,5224.38,2520.88,68.92467609,UP,Down,Down,Down,Down,5130,between_bands
160,2022-02-03,164,CBBL,Chhimek Laghubitta Bikas Bank Limited,1380,1400,1360,1360,17156,23518694.8,1360,2065.2,1240,2022-02-03T14:59:56.868417,1360,286,1370.87,31607.76,49.11749902,UP,Down,UP,UP,Down,1360,between_bands
161,2022-02-03,244,SIFC,Shree Investment Finance Co. Ltd.,499.6,508,476,478,34430,16760325.5,490,741,211,2022-02-03T14:59:53.778267,478,203,486.79,4582.47,45.54507275,UP,Down,UP,UP,Down,478,between_bands
162,2022-02-03,396,NLBBL,Nerude Laghubita Bikas Bank Limited,1244,1290,1242,1242,14704,18522525,1220,1885,901.8,2022-02-03T14:59:56.816797,1242,180,1259.69,7452,49.27356252,UP,Down,Down,UP,Down,1242,between_bands
163,2022-02-03,693,CLBSL,Civil Laghubitta Bittiya Sanstha Ltd.,1113,1140,1106,1120,5054,5683039.5,1106,1811,867,2022-02-03T14:59:59.964499,1120,76,1124.46,3226.99,48.65295327,UP,Down,Down,UP,Down,1120,between_bands
164,2022-02-03,2748,RSDC,RSDC Laghubitta Bittiya Sanstha Ltd.,800,800,777,778,12800,10064971.4,785,1194.4,584,2022-02-03T14:59:48.187027,778,157,786.32,6264.11,46.7281092,Down,Down,UP,UP,Down,778,between_bands
165,2022-02-03,2759,SPDL,Synergy Power Development Ltd.,513,525.3,509,520,330339,171484344,503.1,823.9,245,2022-02-03T14:59:55.352549,520,1301,519.11,4194.19,45.15579189,Down,Down,UP,UP,Down,520,between_bands
166,2022-02-03,2877,SFMF,Sunrise First Mutual Fund,12.3,12.3,12.12,12.15,67515,820121.1,12.45,20,10.21,2022-02-03T14:56:17.459447,12.15,19,12.14,1044.9,41.91678069,Down,Down,UP,UP,Down,12.15,between_bands
167,2022-02-03,2887,NICLBSL,NIC ASIA Laghubitta Bittiya Sanstha Limited,1245,1250,1221,1228,9833,12164390.8,1240,2037,759,2022-02-03T14:59:40.265626,1228,365,1237.09,21360.32,51.61144866,Down,Down,Down,UP,Down,1228,between_bands
168,2022-02-03,2903,LEC,Liberty Energy Company Limited,432,443,425,426.4,94701,41059545,424.1,530,227,2022-02-03T14:59:58.546511,426.4,565,433.57,6396,45.73930921,Down,Down,UP,UP,Down,426.4,between_bands
169,2022-02-03,2905,GIC,General Insurance Company Nepal Ltd,664,678.7,664,665.3,9504,6355879.5,673.8,860,485.1,2022-02-03T14:58:58.658391,665.3,267,668.75,6653,47.80417262,Down,Down,UP,UP,Down,665.3,between_bands
170,2022-02-03,2913,MEN,Mountain Energy Nepal Limited,1251,1255,1230,1235,6386,7951585,1251,1530,600,2022-02-03T14:59:20.570391,1235,168,1245.15,24305.13,52.80122182,Down,Down,Down,UP,Down,1235,between_bands
172,2022-02-03,2924,GLH,GreenLife Hydropower Limited,498,524,498,510.5,54463,28112732.1,501,657,299,2022-02-03T14:59:56.327688,510.5,831,516.18,9189,46.23404525,Down,Down,UP,UP,Down,510.5,between_bands
173,2022-02-03,2933,KEF,Kumari Equity Fund,9.12,9.3,9.12,9.25,19140,176674.2,9.25,11.65,8.67,2022-02-03T14:55:43.812222,9.25,60,9.23,925,42.01599138,Down,Down,UP,UP,Down,9.25,between_bands
174,2022-02-03,4949,NIBSF2,NIBL Samriddhi Fund -2,9.37,9.42,9.19,9.42,23860,222171.2,9.37,11.53,8.56,2022-02-03T14:47:20.384093,9.42,35,9.31,1413,42.01808446,Down,Down,UP,UP,Down,9.42,between_bands
175,2022-02-03,4956,ULI,Union Life Insurance Company Limited,715,734,713,720,108631,78811902.5,712,940.1,342,2022-02-03T14:59:53.444519,720,2451,725.5,15480,50.69690837,Down,Down,UP,UP,Down,720,between_bands
176,2022-02-03,163,NUBL,Nirdhan Utthan Laghubitta Bittiya Sanstha Limited,1285,1310,1260,1270,29445,38201778.5,1279,1919,1166,2022-02-03T14:59:16.346713,1270,331,1297.39,27876.82,56.56747351,UP,Down,Down,Down,Down,1270,between_bands
177,2022-02-03,171,SANIMA,Sanima Bank Limited,376,376.3,368,369,66693,24779701.5,369,564.9,319,2022-02-03T14:59:44.932272,369,501,371.54,41798.02,46.08086074,UP,Down,UP,UP,Down,369,between_bands
178,2022-02-03,177,RBCL,Rastriya Beema Company Limited,18666,19039,18549,18700,1304,24381081,18300,24370,13907,2022-02-03T14:58:51.537018,18700,77,18697.14,49861.03,90.01542248,UP,Down,Down,Down,Down,18700,above_upper_band
179,2022-02-03,179,HGI,Himalayan General Insurance Co. Ltd,782,787,762.6,774.9,40200,31023642.6,782,982,557,2022-02-03T14:59:52.614246,774.9,114,771.73,8526.51,46.65032945,UP,Down,UP,UP,Down,774.9,between_bands
180,2022-02-03,186,IGI,IME General Insurance Ltd.,1179.9,1190,1158,1160,55325,64849510.8,1170,1465,865,2022-02-03T14:59:59.559482,1160,366,1172.15,13428,47.28683352,UP,Down,UP,UP,Down,1160,between_bands
181,2022-02-03,194,NFS,Nepal Finance Ltd.,735,760,722,744.6,64924,47616594.6,735,806,288,2022-02-03T14:59:42.132286,744.6,335,733.42,3674.57,46.58735044,UP,Down,UP,UP,Down,744.6,between_bands
182,2022-02-03,256,SFCL,Samriddhi Finance Company Limited,418.2,434,408,408.1,28581,11888732.5,410,720,161,2022-02-03T14:59:51.780842,408.1,251,415.96,3341.98,45.94504583,Down,Down,UP,UP,Down,408.1,between_bands
183,2022-02-03,307,NTC,Nepal Doorsanchar Comapany Limited,1575,1600,1516,1560,104116,161909543.8,1568,1600,972,2022-02-03T14:59:59.337509,1560,792,1555.08,234000,48.7660724,Down,Down,UP,UP,Down,1560,between_bands
184,2022-02-03,358,LBBL,Lumbini Bikas Bank Ltd.,549.8,555,532.1,538,122911,67170910.2,539.1,774,233,2022-02-03T14:59:52.087505,538,631,546.5,17669.49,46.26674294,Down,Down,UP,UP,Down,538,between_bands
185,2022-02-03,397,ADBL,Agriculture Development Bank Limited,425,425,420,420.6,47402,20034413.9,423,620,398,2022-02-03T14:59:55.628911,420.6,437,422.64,55468.37,45.95112198,Down,Down,UP,UP,Down,420.6,between_bands
186,2022-02-03,401,MLBL,Mahalaxmi Bikas Bank Ltd.,552,554.8,533,538,146006,79545856.2,542,883,258,2022-02-03T14:59:55.866527,538,780,544.81,21578.55,46.37788584,Down,Down,UP,UP,Down,538,between_bands
187,2022-02-03,403,SLICL,Surya Life Insurance Company Limited,825,829,813,814,18548,15189271.4,817,1091,617.4,2022-02-03T14:59:35.793501,814,139,818.91,20759.3,47.51453843,Down,Down,UP,UP,Down,814,between_bands
188,2022-02-03,473,SHINE,Shine Resunga Development Bank Ltd.,459,459.9,444,444,84026,38052865.2,450.8,655,251,2022-02-03T14:59:59.945124,444,488,452.87,16787.68,45.98983595,Down,Down,UP,UP,Down,444,between_bands
189,2022-02-03,516,MFIL,Manjushree Finance Ltd.,745,760,720,726,27877,20400867.4,732,1456,424,2022-02-03T14:59:58.323047,726,347,731.81,9812.27,47.48817426,Down,Down,UP,UP,Down,726,between_bands
190,2022-02-03,562,MEGA,Mega  Bank Nepal Ltd.,298,299.8,293,296,122235,36287134.3,295,405,251.2,2022-02-03T14:59:59.705382,296,645,296.86,47716.57,45.25478203,Down,Down,UP,UP,Down,296,between_bands
191,2022-02-03,574,SKBBL,Sana Kisan Bikas Bank Ltd,1399,1425,1381,1381.1,8971,12560178.5,1399,2184,1145,2022-02-03T14:59:46.131462,1381.1,104,1400.08,21606.12,51.91296366,Down,Down,UP,UP,Down,1381.1,between_bands
192,2022-02-03,2744,GRDBL,Green Development Bank Ltd.,396,396,379.1,388,26775,10365899.5,389,537.9,162,2022-02-03T14:59:51.642267,388,183,387.14,2013.72,45.94631893,Down,Down,UP,UP,Down,388,between_bands
193,2022-02-03,2766,CHL,Chhyangdi Hydropower Ltd.,509.6,542.2,509.6,513,67245,35341004.4,520,715,168,2022-02-03T14:59:46.347068,513,571,525.55,1963.38,46.84348873,Down,Down,UP,UP,Down,513,between_bands
194,2022-02-03,2780,CMF1,Citizens Mutual Fund -1,10,10.33,10,10.13,15900,162639.5,9.94,16.01,9.03,2022-02-03T14:52:40.024137,10.13,18,10.22,830.66,43.45807058,Down,Down,UP,UP,Down,10.13,between_bands
195,2022-02-03,2792,UPPER,Upper Tamakoshi Hydropower Ltd,781.3,781.3,747,750.9,311026,238302173.2,766,962.5,471,2022-02-03T14:59:58.816713,750.9,2148,766.18,79520.31,49.70494558,Down,Down,UP,UP,Down,750.9,between_bands
196,2022-02-03,2807,ALBSL,Asha Laghubitta Bittiya Sanstha Ltd,1652.4,1652.4,1591,1620,4138,6652546.3,1620,2101.2,1176,2022-02-03T14:56:34.036931,1620,93,1607.67,5409.41,56.31173075,UP,Down,Down,Down,Down,1620,between_bands
197,2022-02-03,2810,UPCL,UNIVERSAL POWER COMPANY LTD,425.1,434.9,416,418,196356,83792618.8,419,635,132,2022-02-03T14:59:59.368548,418,1000,426.73,8779.46,46.46349784,Down,Down,UP,UP,Down,418,between_bands
198,2022-02-03,2831,UNHPL,Union Hydropower Limited,411,423,406.3,408,93603,39070563.4,409,612,113,2022-02-03T14:59:54.498951,408,675,417.4,3060,46.38476116,Down,Down,UP,UP,Down,408,between_bands
199,2022-02-03,2859,SIGS2,Siddhartha Investment Growth Scheme - 2,11.5,11.73,11.5,11.61,235480,2760527.9,11.5,16.87,10.15,2022-02-03T14:43:58.559099,11.61,16,11.72,1393.2,43.01388117,Down,Down,UP,UP,Down,11.61,between_bands
200,2022-02-03,2893,AIL,Ajod Insurance Limited,775,775,759.9,760,12329,9443107.9,768,1125,588.8,2022-02-03T14:59:53.925210,760,239,765.92,7600,50.87715741,Down,Down,Down,UP,Down,760,between_bands
201,2022-02-03,2919,NIFRA,Nepal Infrastructure Bank Limited,383,392,376,376.5,479810,184807759.7,376,726,268.5,2022-02-03T14:59:59.224846,376.5,3601,385.16,81324,46.99997476,Down,Down,UP,UP,Down,376.5,between_bands
202,2022-02-03,2923,SLCF,Sanima Large Cap Fund,9.2,9.3,9.2,9.21,19450,179891,9.27,11.4,8.78,2022-02-03T14:56:27.794948,9.21,32,9.24,1105.2,43.31196677,Down,Down,UP,UP,Down,9.21,between_bands
203,2022-02-03,8021,SAHAS,Sahas Urja Limited,673.2,726,673.2,700,243194,171135531.8,660,789.4,405.3,2022-02-03T14:59:57.244720,700,5418,703.69,24500,51.63872079,UP,Down,Down,UP,Down,700,between_bands
204,2022-02-03,141,LBL,Laxmi Bank Limited,304,304,295.3,297,31689,9477586.4,300,447,245,2022-02-03T14:59:49.888503,297,177,299.08,34307.49,46.94537108,Down,Down,UP,UP,Down,297,between_bands
205,2022-02-03,147,SHL,Soaltee Hotel Limited,226.1,228,223.2,224,22385,5060777.6,226.1,321,182,2022-02-03T14:59:34.496904,224,92,226.07,18873.79,46.06065853,Down,Down,UP,UP,Down,224,between_bands
206,2022-02-03,153,BPCL,Butwal Power Company Limited,463,473,460,460.7,54529,25331192.7,454,703,383,2022-02-03T14:59:51.223745,460.7,505,464.54,14956.61,49.65012573,UP,Down,UP,UP,UP,460.7,between_bands
207,2022-02-03,172,NABBC,Narayani Development Bank Limited,591.6,592,565,567.1,12124,6929421.6,580,1251.1,442,2022-02-03T14:57:58.786147,567.1,98,571.54,1488.45,51.34803656,UP,Down,Down,UP,UP,567.1,between_bands
208,2022-02-03,184,PRIN,Prabhu Insurance Ltd.,891,898,873,873,28383,25104771.2,889.9,1162,653.9,2022-02-03T14:59:56.636545,873,161,884.5,10143.41,56.29186513,UP,Down,Down,UP,UP,873,between_bands
209,2022-02-03,235,HDL,Himalayan Distillery Limited,4851,4860,4725,4732,14231,67838369.3,4765,7938,3879,2022-02-03T14:59:44.063018,4732,494,4766.94,71854.44,82.48567151,UP,Down,Down,Down,Down,4732,above_upper_band
210,2022-02-03,263,GMFIL,Guheshowori Merchant Bank & Finance Co. Ltd.,510,511,485.5,500,27908,13933189.9,500,773,205,2022-02-03T14:59:58.902912,500,161,499.25,4752,46.68779004,UP,Down,UP,UP,UP,500,between_bands
211,2022-02-03,274,EDBL,Excel Development Bank Ltd.,584,590.5,562.7,563.6,17597,10065367.2,579,1195,383,2022-02-03T14:59:55.822711,563.6,178,571.99,6491.5,47.09038806,UP,Down,UP,UP,UP,563.6,between_bands
212,2022-02-03,559,NLG,NLG Insurance Company Ltd.,974,974,942.3,947,11719,11170878.3,955,1422,710,2022-02-03T14:59:51.875272,947,106,953.22,11420.94,49.75876417,UP,Down,Down,UP,UP,947,between_bands
213,2022-02-03,561,SINDU,Sindhu Bikash Bank Ltd,442,450,430,430,54921,24197844.6,434,618,177,2022-02-03T14:59:33.624518,430,296,440.59,2397.06,46.1010598,UP,Down,UP,UP,UP,430,between_bands
214,2022-02-03,583,GBLBS,Grameen Bikas Laghubitta Bittiya Sanstha Ltd.,1095,1120,1070.5,1070.5,25859,28036633.6,1100,1437,800,2022-02-03T14:59:50.470017,1070.5,221,1084.21,10517.66,51.27763748,UP,Down,Down,Down,UP,1070.5,between_bands
215,2022-02-03,587,RLFL,Reliance Finance Ltd.,530,530,510.7,511,43329,22522933.9,520,814,210,2022-02-03T14:59:27.983200,511,267,519.81,5380.86,46.70608489,UP,Down,UP,UP,UP,511,between_bands
216,2022-02-03,682,MMFDB,Mirmire Microfinance Development Bank Ltd.,1446,1446,1402,1415,7136,10156739.5,1418,2095,1318.2,2022-02-03T14:59:54.794786,1415,74,1423.3,7387.51,54.3737875,UP,Down,Down,Down,Down,1415,between_bands
217,2022-02-03,697,API,Api Power Company Ltd.,562,575,553,557,928168,525018722,551,670,276,2022-02-03T14:59:58.548362,557,3924,565.65,15367.16,46.90170123,UP,Down,UP,UP,UP,557,between_bands
218,2022-02-03,2742,HIDCL,Hydorelectricity Investment and Development Company Ltd,360,366,350,350,681834,243735136.7,358.5,606,244.1,2022-02-03T14:59:57.075251,350,3470,357.46,83160,45.15511864,Down,Down,UP,UP,UP,350,between_bands
219,2022-02-03,2754,DHPL,Dibyashwori Hydropower Ltd.,331.5,338.1,323,323,58306,19282580,325,485.2,110,2022-02-03T14:59:31.903303,323,365,330.71,852.72,44.90067383,Down,Down,UP,UP,UP,323,between_bands
220,2022-02-03,2773,SAEF,Sanima Equity Fund,14.2,14.34,14,14.07,252848,3612739,13.94,20.19,11.99,2022-02-03T14:59:16.345731,14.07,34,14.28,1829.1,41.75954682,Down,Down,UP,UP,UP,14.07,between_bands
221,2022-02-03,2815,GMFBS,Ganapati Laghubitta Bittiya Sanstha Limited,1363.1,1380,1353,1365,892,1219440.2,1390,1996,1160,2022-02-03T14:36:35.845162,1365,24,1367.08,2068.72,57.07844781,Down,Down,Down,Down,Down,1365,between_bands
222,2022-02-03,2915,PLI,Prabhu Life Insurance Limited,643,655.7,633,639.9,15271,9859323.4,643,950,477,2022-02-03T14:59:59.000883,639.9,616,645.62,12798,49.00665872,Down,Down,UP,UP,UP,639.9,between_bands
223,2022-02-03,4968,RMF1,RBB Mutual Fund 1,9.1,9.2,9.1,9.16,11570,105967,9.16,10.3,8.8,2022-02-03T14:39:57.093594,9.16,23,9.15,1145,42.85616208,Down,Down,UP,UP,UP,9.16,between_bands
224,2022-02-03,8031,MBJC,Madhya Bhotekoshi Jalavidyut Company Limited,455,466,451,451,74742,34322809.8,455,505,100,2022-02-03T14:59:56.937403,451,3896,459.21,27060,48.17210277,Down,Down,UP,UP,UP,451,between_bands
